Name,Latitude,Longitude,Special WP,Dominant
1,35.0299244,-118.1382776,0,"yellow - black"
13,35.0299259,-118.1382123,0,"green - black"
25,35.0299274,-118.1381471,0,"green - black"
37,35.0299289,-118.1380819,0,"green - black"
49,35.0299305,-118.1380166,0,"green - black"
61,35.0299320,-118.1379514,0,"green - black"
73,35.0299335,-118.1378862,0,"green - black"
85,35.0299350,-118.1378209,0,"green - black"
97,35.0299365,-118.1377557,0,"green - black"
109,35.0299380,-118.1376905,0,"green - black"
121,35.0299395,-118.1376252,0,"green - black"
133,35.0299410,-118.1375600,0,"green - black"
145,35.0299425,-118.1374947,0,"green - black"
157,35.0299441,-118.1374295,0,"green - black"
169,35.0299456,-118.1373643,0,"green - black"
181,35.0299471,-118.1372990,0,"green - black"
193,35.0299486,-118.1372338,0,"green - black"
205,35.0299501,-118.1371686,0,"green - black"
217,35.0299516,-118.1371033,0,"green - black"
229,35.0299531,-118.1370381,0,"green - black"
241,35.0299546,-118.1369729,0,"green - black"
242,35.0298733,-118.1369727,0,"green - black"
230,35.0298717,-118.1370380,0,"green - black"
218,35.0298702,-118.1371032,0,"green - black"
206,35.0298687,-118.1371684,0,"green - black"
194,35.0298672,-118.1372337,0,"green - black"
182,35.0298657,-118.1372989,0,"green - black"
170,35.0298642,-118.1373641,0,"green - black"
158,35.0298627,-118.1374294,0,"green - black"
146,35.0298612,-118.1374946,0,"green - black"
134,35.0298597,-118.1375599,0,"green - black"
122,35.0298581,-118.1376251,0,"green - black"
110,35.0298566,-118.1376903,0,"green - black"
98,35.0298551,-118.1377556,0,"green - black"
86,35.0298536,-118.1378208,0,"green - black"
74,35.0298521,-118.1378860,0,"green - black"
62,35.0298506,-118.1379513,0,"green - black"
50,35.0298491,-118.1380165,0,"green - black"
38,35.0298476,-118.1380817,0,"green - black"
26,35.0298461,-118.1381470,0,"green - black"
14,35.0298445,-118.1382122,0,"yellow - black"
2,35.0298430,-118.1382774,0,"yellow - black"
3,35.0297617,-118.1382773,0,"yellow - black"
15,35.0297632,-118.1382121,0,"yellow - black"
27,35.0297647,-118.1381468,0,"blue"
39,35.0297662,-118.1380816,0,"blue"
51,35.0297677,-118.1380164,0,"blue"
63,35.0297692,-118.1379511,0,"blue"
75,35.0297707,-118.1378859,0,"blue"
87,35.0297722,-118.1378207,0,"blue"
99,35.0297738,-118.1377554,0,"blue"
111,35.0297753,-118.1376902,0,"blue"
123,35.0297768,-118.1376250,0,"purple"
135,35.0297783,-118.1375597,0,"purple"
147,35.0297798,-118.1374945,0,"blue"
159,35.0297813,-118.1374292,0,"purple"
171,35.0297828,-118.1373640,0,"purple"
183,35.0297843,-118.1372988,0,"blue"
195,35.0297858,-118.1372335,0,"blue"
207,35.0297874,-118.1371683,0,"blue"
219,35.0297889,-118.1371031,0,"blue"
231,35.0297904,-118.1370378,0,"blue"
243,35.0297919,-118.1369726,0,"blue"
244,35.0296992,-118.1369724,0,"blue"
232,35.0296977,-118.1370377,0,"blue"
220,35.0296961,-118.1371029,0,"blue"
208,35.0296946,-118.1371681,0,"purple"
196,35.0296931,-118.1372334,0,"purple"
184,35.0296916,-118.1372986,0,"purple"
172,35.0296901,-118.1373638,0,"purple"
160,35.0296886,-118.1374291,0,"blue"
148,35.0296871,-118.1374943,0,"blue"
136,35.0296856,-118.1375596,0,"blue"
124,35.0296840,-118.1376248,0,"blue"
112,35.0296825,-118.1376900,0,"blue"
100,35.0296810,-118.1377553,0,"blue"
88,35.0296795,-118.1378205,0,"blue"
76,35.0296780,-118.1378857,0,"blue"
64,35.0296765,-118.1379510,0,"blue"
52,35.0296750,-118.1380162,0,"blue"
40,35.0296735,-118.1380814,0,"blue"
28,35.0296720,-118.1381467,0,"blue"
16,35.0296704,-118.1382119,0,"yellow - black"
4,35.0296689,-118.1382771,0,"yellow - black"
5,35.0295762,-118.1382770,0,"yellow - black"
17,35.0295777,-118.1382118,0,"yellow - black"
29,35.0295792,-118.1381465,0,"blue"
41,35.0295807,-118.1380813,0,"blue"
53,35.0295823,-118.1380161,0,"blue"
65,35.0295838,-118.1379508,0,"blue"
77,35.0295853,-118.1378856,0,"blue"
89,35.0295868,-118.1378204,0,"blue"
101,35.0295883,-118.1377551,0,"blue"
113,35.0295898,-118.1376899,0,"blue"
125,35.0295913,-118.1376247,0,"blue"
137,35.0295928,-118.1375594,0,"blue"
149,35.0295944,-118.1374941,0,"orange"
161,35.0295959,-118.1374289,0,"blue"
173,35.0295974,-118.1373637,0,"blue"
185,35.0295989,-118.1372984,0,"blue"
197,35.0296004,-118.1372332,0,"blue"
209,35.0296019,-118.1371680,0,"blue"
221,35.0296034,-118.1371027,0,"blue"
233,35.0296049,-118.1370375,0,"blue"
245,35.0296064,-118.1369723,0,"blue"
246,35.0295137,-118.1369721,0,"blue"
234,35.0295122,-118.1370374,0,"blue"
222,35.0295107,-118.1371026,0,"blue"
210,35.0295092,-118.1371678,0,"blue"
198,35.0295077,-118.1372331,0,"blue"
186,35.0295062,-118.1372983,0,"blue"
174,35.0295047,-118.1373635,0,"blue"
162,35.0295031,-118.1374288,0,"blue"
150,35.0295016,-118.1374940,0,"orange"
138,35.0295001,-118.1375593,0,"blue"
126,35.0294986,-118.1376245,0,"blue"
114,35.0294971,-118.1376897,0,"blue"
102,35.0294956,-118.1377550,0,"blue"
90,35.0294941,-118.1378202,0,"blue"
78,35.0294926,-118.1378854,0,"blue"
66,35.0294910,-118.1379507,0,"blue"
54,35.0294895,-118.1380159,0,"blue"
42,35.0294880,-118.1380811,0,"blue"
30,35.0294865,-118.1381464,0,"blue"
18,35.0294850,-118.1382116,0,"yellow - black"
6,35.0294835,-118.1382768,0,"yellow - black"
7,35.0293948,-118.1382767,0,"white"
19,35.0293963,-118.1382115,0,"white"
31,35.0293978,-118.1381462,0,"green"
43,35.0293994,-118.1380810,0,"green"
55,35.0294009,-118.1380157,0,"green"
67,35.0294024,-118.1379505,0,"green"
79,35.0294039,-118.1378853,0,"green"
91,35.0294054,-118.1378200,0,"green"
103,35.0294069,-118.1377548,0,"green"
115,35.0294084,-118.1376896,0,"green"
127,35.0294100,-118.1376243,0,"green"
139,35.0294115,-118.1375591,0,"green"
151,35.0294130,-118.1374938,0,"yellow"
163,35.0294145,-118.1374286,0,"green"
175,35.0294160,-118.1373634,0,"green"
187,35.0294175,-118.1372981,0,"green"
199,35.0294190,-118.1372329,0,"green"
211,35.0294205,-118.1371677,0,"green"
223,35.0294220,-118.1371024,0,"green"
235,35.0294236,-118.1370372,0,"green"
247,35.0294251,-118.1369720,0,"yellow"
248,35.0293364,-118.1369718,0,"blue"
236,35.0293349,-118.1370371,0,"blue"
224,35.0293334,-118.1371023,0,"blue"
212,35.0293319,-118.1371675,0,"blue"
200,35.0293303,-118.1372328,0,"blue"
188,35.0293288,-118.1372980,0,"blue"
176,35.0293273,-118.1373632,0,"blue"
164,35.0293258,-118.1374285,0,"blue"
152,35.0293243,-118.1374937,0,"green - black"
140,35.0293228,-118.1375590,0,"blue"
128,35.0293213,-118.1376242,0,"blue"
116,35.0293198,-118.1376894,0,"blue"
104,35.0293183,-118.1377547,0,"blue"
92,35.0293167,-118.1378199,0,"blue"
80,35.0293152,-118.1378851,0,"blue"
68,35.0293137,-118.1379504,0,"blue"
56,35.0293122,-118.1380156,0,"blue"
44,35.0293107,-118.1380808,0,"blue"
32,35.0293092,-118.1381461,0,"blue"
20,35.0293077,-118.1382113,0,"yellow - black"
8,35.0293062,-118.1382765,0,"yellow - black"
9,35.0292134,-118.1382764,0,"yellow - black"
21,35.0292149,-118.1382111,0,"yellow - black"
33,35.0292165,-118.1381459,0,"blue"
45,35.0292180,-118.1380807,0,"blue"
57,35.0292195,-118.1380154,0,"blue"
69,35.0292210,-118.1379502,0,"blue"
81,35.0292225,-118.1378850,0,"blue"
93,35.0292240,-118.1378197,0,"blue"
105,35.0292255,-118.1377545,0,"blue"
117,35.0292270,-118.1376893,0,"blue"
129,35.0292285,-118.1376240,0,"blue"
141,35.0292301,-118.1375588,0,"blue"
153,35.0292316,-118.1374935,0,"green - black"
165,35.0292331,-118.1374283,0,"blue"
177,35.0292346,-118.1373631,0,"blue"
189,35.0292361,-118.1372978,0,"blue"
201,35.0292376,-118.1372326,0,"blue"
213,35.0292391,-118.1371674,0,"blue"
225,35.0292406,-118.1371021,0,"blue"
237,35.0292422,-118.1370369,0,"blue"
249,35.0292437,-118.1369717,0,"blue"
250,35.0291509,-118.1369715,0,"blue"
238,35.0291494,-118.1370368,0,"blue"
226,35.0291479,-118.1371020,0,"blue"
214,35.0291464,-118.1371672,0,"blue"
202,35.0291449,-118.1372325,0,"blue"
190,35.0291434,-118.1372977,0,"blue"
178,35.0291419,-118.1373629,0,"blue"
166,35.0291404,-118.1374282,0,"blue"
154,35.0291388,-118.1374934,0,"blue - black"
142,35.0291373,-118.1375587,0,"blue"
130,35.0291358,-118.1376239,0,"blue"
118,35.0291343,-118.1376891,0,"blue"
106,35.0291328,-118.1377544,0,"blue"
94,35.0291313,-118.1378196,0,"blue"
82,35.0291298,-118.1378848,0,"purple"
70,35.0291283,-118.1379501,0,"purple"
58,35.0291268,-118.1380153,0,"blue"
46,35.0291252,-118.1380805,0,"blue"
34,35.0291237,-118.1381458,0,"blue"
22,35.0291222,-118.1382110,0,"yellow - black"
10,35.0291207,-118.1382762,0,"yellow - black"
11,35.0290393,-118.1382761,0,"yellow - black"
23,35.0290408,-118.1382109,0,"yellow - black"
35,35.0290424,-118.1381456,0,"purple"
47,35.0290439,-118.1380804,0,"purple"
59,35.0290454,-118.1380152,0,"purple"
71,35.0290469,-118.1379499,0,"purple"
83,35.0290484,-118.1378847,0,"purple"
95,35.0290499,-118.1378195,0,"purple"
107,35.0290514,-118.1377542,0,"purple"
119,35.0290529,-118.1376890,0,"purple"
131,35.0290545,-118.1376238,0,"purple"
143,35.0290560,-118.1375585,0,"purple"
155,35.0290575,-118.1374933,0,"blue - black"
167,35.0290590,-118.1374280,0,"blue"
179,35.0290605,-118.1373628,0,"blue"
191,35.0290620,-118.1372976,0,"blue"
203,35.0290635,-118.1372323,0,"blue"
215,35.0290650,-118.1371671,0,"blue"
227,35.0290665,-118.1371019,0,"blue"
239,35.0290681,-118.1370366,0,"blue"
251,35.0290696,-118.1369714,0,"blue"
252,35.0289882,-118.1369713,0,"blue - black"
240,35.0289867,-118.1370365,0,"blue - black"
228,35.0289852,-118.1371017,0,"blue - black"
216,35.0289837,-118.1371670,0,"blue - black"
204,35.0289822,-118.1372322,0,"blue - black"
192,35.0289806,-118.1372974,0,"purple - black"
180,35.0289791,-118.1373627,0,"purple - black"
168,35.0289776,-118.1374279,0,"purple - black"
156,35.0289761,-118.1374931,0,"blue - black"
144,35.0289746,-118.1375584,0,"purple - black"
132,35.0289731,-118.1376236,0,"purple - black"
120,35.0289716,-118.1376889,0,"purple - black"
108,35.0289701,-118.1377541,0,"purple - black"
96,35.0289685,-118.1378193,0,"purple - black"
84,35.0289670,-118.1378846,0,"purple - black"
72,35.0289655,-118.1379498,0,"blue - black"
60,35.0289640,-118.1380150,0,"purple - black"
48,35.0289625,-118.1380803,0,"purple - black"
36,35.0289610,-118.1381455,0,"purple - black"
24,35.0289595,-118.1382107,0,"yellow - black"
12,35.0289580,-118.1382760,0,"yellow - black"
253,35.0288922,-118.1382758,0,"yellow - black"
265,35.0288937,-118.1382106,0,"yellow - black"
277,35.0288952,-118.1381454,0,"blue - black"
289,35.0288967,-118.1380801,0,"purple - black"
301,35.0288983,-118.1380149,0,"purple - black"
313,35.0288998,-118.1379497,0,"blue - black"
325,35.0289013,-118.1378844,0,"blue - black"
337,35.0289028,-118.1378192,0,"blue - black"
349,35.0289043,-118.1377540,0,"blue - black"
361,35.0289058,-118.1376887,0,"blue - black"
373,35.0289073,-118.1376235,0,"blue - black"
385,35.0289088,-118.1375583,0,"blue - black"
397,35.0289103,-118.1374930,0,"blue - black"
409,35.0289119,-118.1374278,0,"blue - black"
421,35.0289134,-118.1373625,0,"blue - black"
433,35.0289149,-118.1372973,0,"blue - black"
445,35.0289164,-118.1372321,0,"blue - black"
457,35.0289179,-118.1371668,0,"blue - black"
469,35.0289194,-118.1371016,0,"blue - black"
481,35.0289209,-118.1370364,0,"blue - black"
493,35.0289224,-118.1369711,0,"purple - black"
494,35.0288411,-118.1369710,0,"blue"
482,35.0288396,-118.1370362,0,"blue"
470,35.0288380,-118.1371015,0,"blue"
458,35.0288365,-118.1371667,0,"blue"
446,35.0288350,-118.1372319,0,"blue"
434,35.0288335,-118.1372972,0,"blue"
422,35.0288320,-118.1373624,0,"blue"
410,35.0288305,-118.1374276,0,"blue"
398,35.0288290,-118.1374929,0,"blue - black"
386,35.0288275,-118.1375581,0,"blue"
374,35.0288260,-118.1376234,0,"blue"
362,35.0288244,-118.1376886,0,"blue"
350,35.0288229,-118.1377538,0,"blue"
338,35.0288214,-118.1378191,0,"blue"
326,35.0288199,-118.1378843,0,"blue"
314,35.0288184,-118.1379495,0,"blue"
302,35.0288169,-118.1380148,0,"blue"
290,35.0288154,-118.1380800,0,"blue"
278,35.0288139,-118.1381452,0,"blue"
266,35.0288124,-118.1382105,0,"yellow - black"
254,35.0288108,-118.1382757,0,"yellow - black"
255,35.0287295,-118.1382756,0,"yellow - black"
267,35.0287310,-118.1382103,0,"yellow - black"
279,35.0287325,-118.1381451,0,"blue"
291,35.0287340,-118.1380799,0,"blue"
303,35.0287355,-118.1380146,0,"blue"
315,35.0287371,-118.1379494,0,"blue"
327,35.0287386,-118.1378842,0,"blue"
339,35.0287401,-118.1378189,0,"blue"
351,35.0287416,-118.1377537,0,"blue"
363,35.0287431,-118.1376885,0,"blue"
375,35.0287446,-118.1376232,0,"blue"
387,35.0287461,-118.1375580,0,"blue"
399,35.0287476,-118.1374927,0,"blue - black"
411,35.0287491,-118.1374275,0,"blue"
423,35.0287507,-118.1373623,0,"blue"
435,35.0287522,-118.1372970,0,"blue"
447,35.0287537,-118.1372318,0,"blue"
459,35.0287552,-118.1371666,0,"blue"
471,35.0287567,-118.1371013,0,"blue"
483,35.0287582,-118.1370361,0,"blue"
495,35.0287597,-118.1369709,0,"blue"
496,35.0286670,-118.1369707,0,"blue"
484,35.0286655,-118.1370360,0,"blue"
472,35.0286640,-118.1371012,0,"blue"
460,35.0286625,-118.1371664,0,"blue"
448,35.0286610,-118.1372317,0,"blue"
436,35.0286594,-118.1372969,0,"blue"
424,35.0286579,-118.1373621,0,"blue"
412,35.0286564,-118.1374274,0,"blue"
400,35.0286549,-118.1374926,0,"blue - black"
388,35.0286534,-118.1375579,0,"blue"
376,35.0286519,-118.1376231,0,"blue"
364,35.0286504,-118.1376883,0,"blue"
352,35.0286489,-118.1377536,0,"blue"
340,35.0286474,-118.1378188,0,"blue"
328,35.0286458,-118.1378840,0,"blue"
316,35.0286443,-118.1379493,0,"blue"
304,35.0286428,-118.1380145,0,"blue"
292,35.0286413,-118.1380797,0,"blue"
280,35.0286398,-118.1381450,0,"blue"
268,35.0286383,-118.1382102,0,"yellow - black"
256,35.0286368,-118.1382754,0,"yellow - black"
257,35.0285440,-118.1382753,0,"yellow - black"
269,35.0285456,-118.1382100,0,"yellow - black"
281,35.0285471,-118.1381448,0,"blue"
293,35.0285486,-118.1380796,0,"blue"
305,35.0285501,-118.1380143,0,"blue"
317,35.0285516,-118.1379491,0,"blue"
329,35.0285531,-118.1378839,0,"blue"
341,35.0285546,-118.1378186,0,"blue"
353,35.0285561,-118.1377534,0,"blue"
365,35.0285576,-118.1376882,0,"blue"
377,35.0285592,-118.1376229,0,"blue"
389,35.0285607,-118.1375577,0,"blue"
401,35.0285622,-118.1374924,0,"blue - black"
413,35.0285637,-118.1374272,0,"blue"
425,35.0285652,-118.1373620,0,"blue"
437,35.0285667,-118.1372967,0,"blue"
449,35.0285682,-118.1372315,0,"blue"
461,35.0285697,-118.1371663,0,"blue"
473,35.0285712,-118.1371010,0,"blue"
485,35.0285728,-118.1370358,0,"blue"
497,35.0285743,-118.1369706,0,"blue"
498,35.0284815,-118.1369704,0,"blue"
486,35.0284800,-118.1370356,0,"blue"
474,35.0284785,-118.1371009,0,"blue"
462,35.0284770,-118.1371661,0,"blue"
450,35.0284755,-118.1372313,0,"blue"
438,35.0284740,-118.1372966,0,"blue"
426,35.0284725,-118.1373618,0,"blue"
414,35.0284710,-118.1374270,0,"blue"
402,35.0284695,-118.1374923,0,"blue - black"
390,35.0284679,-118.1375575,0,"blue"
378,35.0284664,-118.1376228,0,"blue"
366,35.0284649,-118.1376880,0,"blue"
354,35.0284634,-118.1377532,0,"blue"
342,35.0284619,-118.1378185,0,"blue"
330,35.0284604,-118.1378837,0,"blue"
318,35.0284589,-118.1379489,0,"blue"
306,35.0284574,-118.1380142,0,"blue"
294,35.0284559,-118.1380794,0,"blue"
282,35.0284543,-118.1381446,0,"blue"
270,35.0284528,-118.1382099,0,"yellow - black"
258,35.0284513,-118.1382751,0,"yellow - black"
259,35.0283626,-118.1382750,0,"white"
271,35.0283642,-118.1382097,0,"white"
283,35.0283657,-118.1381445,0,"green"
295,35.0283672,-118.1380793,0,"green"
307,35.0283687,-118.1380140,0,"green"
319,35.0283702,-118.1379488,0,"green"
331,35.0283717,-118.1378836,0,"green"
343,35.0283732,-118.1378183,0,"green"
355,35.0283747,-118.1377531,0,"green"
367,35.0283762,-118.1376879,0,"green"
379,35.0283778,-118.1376226,0,"green"
391,35.0283793,-118.1375574,0,"green"
403,35.0283808,-118.1374921,0,"green"
415,35.0283823,-118.1374269,0,"green"
427,35.0283838,-118.1373617,0,"green"
439,35.0283853,-118.1372964,0,"green"
451,35.0283868,-118.1372312,0,"green"
463,35.0283883,-118.1371660,0,"green"
475,35.0283898,-118.1371007,0,"green"
487,35.0283914,-118.1370355,0,"green"
499,35.0283929,-118.1369703,0,"yellow"
500,35.0283042,-118.1369701,0,"blue"
488,35.0283027,-118.1370354,0,"blue"
476,35.0283012,-118.1371006,0,"blue"
464,35.0282997,-118.1371658,0,"blue"
452,35.0282981,-118.1372311,0,"blue"
440,35.0282966,-118.1372963,0,"blue"
428,35.0282951,-118.1373615,0,"blue"
416,35.0282936,-118.1374268,0,"blue"
404,35.0282921,-118.1374920,0,"blue - black"
392,35.0282906,-118.1375572,0,"blue"
380,35.0282891,-118.1376225,0,"blue"
368,35.0282876,-118.1376877,0,"blue"
356,35.0282861,-118.1377529,0,"blue"
344,35.0282845,-118.1378182,0,"blue"
332,35.0282830,-118.1378834,0,"blue"
320,35.0282815,-118.1379486,0,"blue"
308,35.0282800,-118.1380139,0,"blue"
296,35.0282785,-118.1380791,0,"blue"
284,35.0282770,-118.1381443,0,"blue"
272,35.0282755,-118.1382096,0,"yellow - black"
260,35.0282740,-118.1382748,0,"yellow - black"
261,35.0281812,-118.1382747,0,"yellow - black"
273,35.0281828,-118.1382094,0,"yellow - black"
285,35.0281843,-118.1381442,0,"blue"
297,35.0281858,-118.1380790,0,"blue"
309,35.0281873,-118.1380137,0,"blue"
321,35.0281888,-118.1379485,0,"blue"
333,35.0281903,-118.1378833,0,"blue"
345,35.0281918,-118.1378180,0,"blue"
357,35.0281933,-118.1377528,0,"blue"
369,35.0281948,-118.1376876,0,"blue"
381,35.0281964,-118.1376223,0,"blue"
393,35.0281979,-118.1375571,0,"blue"
405,35.0281994,-118.1374918,0,"blue - black"
417,35.0282009,-118.1374266,0,"blue"
429,35.0282024,-118.1373614,0,"blue"
441,35.0282039,-118.1372961,0,"blue"
453,35.0282054,-118.1372309,0,"blue"
465,35.0282069,-118.1371657,0,"blue"
477,35.0282084,-118.1371004,0,"blue"
489,35.0282100,-118.1370352,0,"blue"
501,35.0282115,-118.1369700,0,"blue"
502,35.0281187,-118.1369698,0,"blue"
490,35.0281172,-118.1370350,0,"blue"
478,35.0281157,-118.1371003,0,"blue"
466,35.0281142,-118.1371655,0,"blue"
454,35.0281127,-118.1372307,0,"blue"
442,35.0281112,-118.1372960,0,"blue"
430,35.0281097,-118.1373612,0,"blue"
418,35.0281082,-118.1374264,0,"blue"
406,35.0281066,-118.1374917,0,"blue - black"
394,35.0281051,-118.1375569,0,"blue"
382,35.0281036,-118.1376222,0,"blue"
370,35.0281021,-118.1376874,0,"blue"
358,35.0281006,-118.1377526,0,"blue"
346,35.0280991,-118.1378179,0,"blue"
334,35.0280976,-118.1378831,0,"blue"
322,35.0280961,-118.1379483,0,"blue"
310,35.0280946,-118.1380136,0,"blue"
298,35.0280930,-118.1380788,0,"blue"
286,35.0280915,-118.1381440,0,"blue"
274,35.0280900,-118.1382093,0,"yellow - black"
262,35.0280885,-118.1382745,0,"yellow - black"
263,35.0280071,-118.1382744,0,"yellow - black"
275,35.0280087,-118.1382091,0,"yellow - black"
287,35.0280102,-118.1381439,0,"green - black"
299,35.0280117,-118.1380787,0,"blue"
311,35.0280132,-118.1380134,0,"blue"
323,35.0280147,-118.1379482,0,"blue"
335,35.0280162,-118.1378830,0,"blue"
347,35.0280177,-118.1378177,0,"blue"
359,35.0280192,-118.1377525,0,"blue"
371,35.0280208,-118.1376873,0,"blue"
383,35.0280223,-118.1376220,0,"blue"
395,35.0280238,-118.1375568,0,"blue"
407,35.0280253,-118.1374915,0,"blue - black"
419,35.0280268,-118.1374263,0,"blue"
431,35.0280283,-118.1373611,0,"blue"
443,35.0280298,-118.1372958,0,"blue"
455,35.0280313,-118.1372306,0,"blue"
467,35.0280329,-118.1371654,0,"blue"
479,35.0280344,-118.1371001,0,"blue"
491,35.0280359,-118.1370349,0,"blue"
503,35.0280374,-118.1369697,0,"blue"
492,35.0279545,-118.1370348,0,"blue - black"
480,35.0279530,-118.1371000,0,"blue - black"
468,35.0279515,-118.1371652,0,"blue - black"
456,35.0279500,-118.1372305,0,"blue - black"
444,35.0279485,-118.1372957,0,"blue - black"
432,35.0279470,-118.1373609,0,"blue - black"
420,35.0279454,-118.1374262,0,"blue - black"
408,35.0279439,-118.1374914,0,"blue - black"
396,35.0279424,-118.1375567,0,"blue - black"
384,35.0279409,-118.1376219,0,"blue - black"
372,35.0279394,-118.1376871,0,"blue - black"
360,35.0279379,-118.1377524,0,"blue - black"
348,35.0279364,-118.1378176,0,"blue - black"
336,35.0279349,-118.1378828,0,"blue - black"
324,35.0279334,-118.1379481,0,"blue - black"
312,35.0279318,-118.1380133,0,"blue - black"
300,35.0279303,-118.1380785,0,"blue - black"
288,35.0279288,-118.1381438,0,"green - black"
276,35.0279273,-118.1382090,0,"yellow - black"
264,35.0279258,-118.1382742,0,"yellow - black"
504,35.0279560,-118.1369695,0,"blue - black"
829,35.0278156,-118.1365126,0,"blue - black"
817,35.0278141,-118.1365779,0,"blue - black"
805,35.0278126,-118.1366431,0,"blue - black"
793,35.0278111,-118.1367084,0,"blue - black"
781,35.0278096,-118.1367736,0,"blue - black"
769,35.0278081,-118.1368388,0,"blue - black"
757,35.0278066,-118.1369041,0,"blue - black"
745,35.0278051,-118.1369693,0,"blue - black"
733,35.0278036,-118.1370345,0,"blue - black"
721,35.0278020,-118.1370998,0,"blue - black"
709,35.0278005,-118.1371650,0,"blue - black"
697,35.0277990,-118.1372302,0,"blue - black"
685,35.0277975,-118.1372955,0,"blue - black"
673,35.0277960,-118.1373607,0,"blue - black"
661,35.0277945,-118.1374259,0,"blue - black"
649,35.0277930,-118.1374912,0,"blue - black"
637,35.0277915,-118.1375564,0,"blue - black"
625,35.0277900,-118.1376217,0,"blue - black"
613,35.0277884,-118.1376869,0,"blue - black"
601,35.0277869,-118.1377521,0,"blue - black"
589,35.0277854,-118.1378173,0,"blue - black"
577,35.0277839,-118.1378826,0,"blue - black"
565,35.0277824,-118.1379478,0,"blue - black"
553,35.0277809,-118.1380130,0,"blue - black"
541,35.0277794,-118.1380783,0,"blue - black"
529,35.0277779,-118.1381435,0,"green - black"
517,35.0277764,-118.1382087,0,"yellow - black"
505,35.0277748,-118.1382740,0,"yellow - black"
506,35.0276935,-118.1382738,0,"yellow - black"
518,35.0276950,-118.1382086,0,"yellow - black"
530,35.0276965,-118.1381434,0,"green - black"
542,35.0276980,-118.1380781,0,"blue"
554,35.0276995,-118.1380129,0,"blue"
566,35.0277010,-118.1379477,0,"blue"
578,35.0277026,-118.1378824,0,"blue"
590,35.0277041,-118.1378172,0,"blue"
602,35.0277056,-118.1377520,0,"blue"
614,35.0277071,-118.1376867,0,"blue"
626,35.0277086,-118.1376215,0,"blue"
638,35.0277101,-118.1375563,0,"blue"
650,35.0277116,-118.1374910,0,"blue - black"
662,35.0277131,-118.1374258,0,"blue"
674,35.0277147,-118.1373606,0,"blue"
686,35.0277162,-118.1372953,0,"blue"
698,35.0277177,-118.1372301,0,"blue"
710,35.0277192,-118.1371649,0,"blue"
722,35.0277207,-118.1370996,0,"blue"
734,35.0277222,-118.1370344,0,"blue"
746,35.0277237,-118.1369692,0,"blue"
758,35.0277252,-118.1369039,0,"blue"
770,35.0277267,-118.1368387,0,"blue"
782,35.0277283,-118.1367735,0,"blue"
794,35.0277298,-118.1367082,0,"blue"
806,35.0277313,-118.1366430,0,"blue"
818,35.0277328,-118.1365778,0,"blue"
830,35.0277343,-118.1365125,0,"blue"
831,35.0276529,-118.1365124,0,"blue"
819,35.0276514,-118.1365776,0,"blue"
807,35.0276499,-118.1366429,0,"blue"
795,35.0276484,-118.1367081,0,"blue"
783,35.0276469,-118.1367733,0,"blue"
771,35.0276454,-118.1368386,0,"blue"
759,35.0276439,-118.1369038,0,"blue"
747,35.0276424,-118.1369690,0,"blue"
735,35.0276409,-118.1370343,0,"blue"
723,35.0276393,-118.1370995,0,"blue"
711,35.0276378,-118.1371647,0,"blue"
699,35.0276363,-118.1372300,0,"blue"
687,35.0276348,-118.1372952,0,"blue"
675,35.0276333,-118.1373604,0,"blue"
663,35.0276318,-118.1374257,0,"blue"
651,35.0276303,-118.1374909,0,"blue - black"
639,35.0276288,-118.1375561,0,"blue"
627,35.0276273,-118.1376214,0,"blue"
615,35.0276257,-118.1376866,0,"blue"
603,35.0276242,-118.1377518,0,"blue"
591,35.0276227,-118.1378171,0,"blue"
579,35.0276212,-118.1378823,0,"blue"
567,35.0276197,-118.1379475,0,"blue"
555,35.0276182,-118.1380128,0,"blue"
543,35.0276167,-118.1380780,0,"blue"
531,35.0276152,-118.1381432,0,"blue"
519,35.0276136,-118.1382085,0,"yellow - black"
507,35.0276121,-118.1382737,0,"yellow - black"
508,35.0275194,-118.1382735,0,"yellow - black"
520,35.0275209,-118.1382083,0,"yellow - black"
532,35.0275224,-118.1381431,0,"blue"
544,35.0275239,-118.1380779,0,"blue"
556,35.0275255,-118.1380126,0,"blue"
568,35.0275270,-118.1379474,0,"blue"
580,35.0275285,-118.1378822,0,"blue"
592,35.0275300,-118.1378169,0,"blue"
604,35.0275315,-118.1377517,0,"blue"
616,35.0275330,-118.1376865,0,"blue"
628,35.0275345,-118.1376212,0,"blue"
640,35.0275360,-118.1375560,0,"blue"
652,35.0275375,-118.1374907,0,"blue - black"
664,35.0275391,-118.1374255,0,"blue"
676,35.0275406,-118.1373603,0,"blue"
688,35.0275421,-118.1372950,0,"blue"
700,35.0275436,-118.1372298,0,"blue"
712,35.0275451,-118.1371646,0,"blue"
724,35.0275466,-118.1370993,0,"purple"
736,35.0275481,-118.1370341,0,"purple"
748,35.0275496,-118.1369689,0,"purple"
760,35.0275511,-118.1369036,0,"purple"
772,35.0275527,-118.1368384,0,"purple"
784,35.0275542,-118.1367732,0,"purple"
796,35.0275557,-118.1367079,0,"purple"
808,35.0275572,-118.1366427,0,"purple"
820,35.0275587,-118.1365775,0,"blue"
832,35.0275602,-118.1365122,0,"blue"
833,35.0274675,-118.1365121,0,"blue"
821,35.0274660,-118.1365773,0,"blue"
809,35.0274645,-118.1366426,0,"blue"
797,35.0274630,-118.1367078,0,"blue"
785,35.0274614,-118.1367730,0,"blue"
773,35.0274599,-118.1368383,0,"blue"
761,35.0274584,-118.1369035,0,"blue"
749,35.0274569,-118.1369687,0,"blue"
737,35.0274554,-118.1370340,0,"blue"
725,35.0274539,-118.1370992,0,"blue"
713,35.0274524,-118.1371644,0,"blue"
701,35.0274509,-118.1372296,0,"blue"
689,35.0274494,-118.1372949,0,"blue"
677,35.0274478,-118.1373601,0,"blue"
665,35.0274463,-118.1374253,0,"blue"
653,35.0274448,-118.1374906,0,"green - black"
641,35.0274433,-118.1375558,0,"blue"
629,35.0274418,-118.1376211,0,"blue"
617,35.0274403,-118.1376863,0,"blue"
605,35.0274388,-118.1377515,0,"blue"
593,35.0274373,-118.1378168,0,"blue"
581,35.0274357,-118.1378820,0,"blue"
569,35.0274342,-118.1379472,0,"blue"
557,35.0274327,-118.1380125,0,"blue"
545,35.0274312,-118.1380777,0,"blue"
533,35.0274297,-118.1381429,0,"blue"
521,35.0274282,-118.1382082,0,"yellow - black"
509,35.0274267,-118.1382734,0,"yellow - black"
510,35.0273340,-118.1382732,0,"yellow - black"
522,35.0273355,-118.1382080,0,"yellow - black"
534,35.0273370,-118.1381428,0,"blue"
546,35.0273385,-118.1380775,0,"blue"
558,35.0273400,-118.1380123,0,"blue"
570,35.0273415,-118.1379471,0,"blue"
582,35.0273430,-118.1378818,0,"blue"
594,35.0273445,-118.1378166,0,"blue"
606,35.0273460,-118.1377514,0,"blue"
618,35.0273476,-118.1376861,0,"blue"
630,35.0273491,-118.1376209,0,"blue"
642,35.0273506,-118.1375557,0,"blue"
654,35.0273521,-118.1374904,0,"green - black"
666,35.0273536,-118.1374252,0,"blue"
678,35.0273551,-118.1373600,0,"blue"
690,35.0273566,-118.1372947,0,"blue"
702,35.0273581,-118.1372295,0,"blue"
714,35.0273596,-118.1371643,0,"blue"
726,35.0273612,-118.1370990,0,"blue"
738,35.0273627,-118.1370338,0,"blue"
750,35.0273642,-118.1369686,0,"blue"
762,35.0273657,-118.1369033,0,"blue"
774,35.0273672,-118.1368381,0,"blue"
786,35.0273687,-118.1367729,0,"blue"
798,35.0273702,-118.1367076,0,"blue"
810,35.0273717,-118.1366424,0,"blue"
822,35.0273732,-118.1365772,0,"blue"
834,35.0273748,-118.1365119,0,"blue"
835,35.0272861,-118.1365118,0,"yellow"
823,35.0272846,-118.1365770,0,"green"
811,35.0272831,-118.1366423,0,"green"
799,35.0272815,-118.1367075,0,"green"
787,35.0272800,-118.1367727,0,"green"
775,35.0272785,-118.1368380,0,"green"
763,35.0272770,-118.1369032,0,"green"
751,35.0272755,-118.1369684,0,"green"
739,35.0272740,-118.1370336,0,"green"
727,35.0272725,-118.1370989,0,"green"
715,35.0272710,-118.1371641,0,"green"
703,35.0272695,-118.1372293,0,"green"
691,35.0272679,-118.1372946,0,"green"
679,35.0272664,-118.1373598,0,"green"
667,35.0272649,-118.1374250,0,"green"
655,35.0272634,-118.1374903,0,"green"
643,35.0272619,-118.1375555,0,"green"
631,35.0272604,-118.1376208,0,"green"
619,35.0272589,-118.1376860,0,"green"
607,35.0272574,-118.1377512,0,"green"
595,35.0272559,-118.1378165,0,"green"
583,35.0272543,-118.1378817,0,"green"
571,35.0272528,-118.1379469,0,"green"
559,35.0272513,-118.1380122,0,"green"
547,35.0272498,-118.1380774,0,"green"
535,35.0272483,-118.1381426,0,"green"
523,35.0272468,-118.1382079,0,"yellow"
511,35.0272453,-118.1382731,0,"white"
512,35.0271566,-118.1382729,0,"yellow - black"
524,35.0271581,-118.1382077,0,"yellow - black"
536,35.0271596,-118.1381425,0,"blue"
548,35.0271611,-118.1380772,0,"blue"
560,35.0271626,-118.1380120,0,"blue"
572,35.0271642,-118.1379468,0,"blue"
584,35.0271657,-118.1378816,0,"blue"
596,35.0271672,-118.1378163,0,"blue"
608,35.0271687,-118.1377511,0,"blue"
620,35.0271702,-118.1376859,0,"blue"
632,35.0271717,-118.1376206,0,"blue"
644,35.0271732,-118.1375554,0,"blue"
656,35.0271747,-118.1374901,0,"green - black"
668,35.0271762,-118.1374249,0,"blue"
680,35.0271778,-118.1373597,0,"blue"
692,35.0271793,-118.1372944,0,"blue"
704,35.0271808,-118.1372292,0,"blue"
716,35.0271823,-118.1371640,0,"blue"
728,35.0271838,-118.1370987,0,"blue"
740,35.0271853,-118.1370335,0,"blue"
752,35.0271868,-118.1369683,0,"blue"
764,35.0271883,-118.1369030,0,"blue"
776,35.0271899,-118.1368378,0,"blue"
788,35.0271914,-118.1367726,0,"blue"
800,35.0271929,-118.1367073,0,"blue"
812,35.0271944,-118.1366421,0,"blue"
824,35.0271959,-118.1365769,0,"blue"
836,35.0271974,-118.1365116,0,"blue"
837,35.0271047,-118.1365115,0,"blue"
825,35.0271032,-118.1365767,0,"blue"
813,35.0271017,-118.1366420,0,"blue"
801,35.0271001,-118.1367072,0,"blue"
789,35.0270986,-118.1367724,0,"blue"
777,35.0270971,-118.1368377,0,"blue"
765,35.0270956,-118.1369029,0,"blue"
753,35.0270941,-118.1369681,0,"blue"
741,35.0270926,-118.1370333,0,"blue"
729,35.0270911,-118.1370986,0,"blue"
717,35.0270896,-118.1371638,0,"blue"
705,35.0270881,-118.1372290,0,"blue"
693,35.0270865,-118.1372943,0,"blue"
681,35.0270850,-118.1373595,0,"blue"
669,35.0270835,-118.1374247,0,"blue"
657,35.0270820,-118.1374900,0,"green - black"
645,35.0270805,-118.1375552,0,"blue"
633,35.0270790,-118.1376205,0,"blue"
621,35.0270775,-118.1376857,0,"blue"
609,35.0270760,-118.1377509,0,"blue"
597,35.0270745,-118.1378162,0,"blue"
585,35.0270729,-118.1378814,0,"blue"
573,35.0270714,-118.1379466,0,"blue"
561,35.0270699,-118.1380119,0,"blue"
549,35.0270684,-118.1380771,0,"blue"
537,35.0270669,-118.1381423,0,"blue"
525,35.0270654,-118.1382076,0,"yellow - black"
513,35.0270639,-118.1382728,0,"yellow - black"
514,35.0269711,-118.1382726,0,"yellow - black"
526,35.0269727,-118.1382074,0,"yellow - black"
538,35.0269742,-118.1381422,0,"blue"
550,35.0269757,-118.1380769,0,"blue"
562,35.0269772,-118.1380117,0,"blue"
574,35.0269787,-118.1379465,0,"blue"
586,35.0269802,-118.1378812,0,"blue"
598,35.0269817,-118.1378160,0,"blue"
610,35.0269832,-118.1377508,0,"blue"
622,35.0269847,-118.1376855,0,"blue"
634,35.0269863,-118.1376203,0,"blue"
646,35.0269878,-118.1375551,0,"blue"
658,35.0269893,-118.1374898,0,"blue - black"
670,35.0269908,-118.1374246,0,"blue"
682,35.0269923,-118.1373594,0,"blue"
694,35.0269938,-118.1372941,0,"blue"
706,35.0269953,-118.1372289,0,"blue"
718,35.0269968,-118.1371637,0,"blue"
730,35.0269984,-118.1370984,0,"blue"
742,35.0269999,-118.1370332,0,"blue"
754,35.0270014,-118.1369680,0,"blue"
766,35.0270029,-118.1369027,0,"blue"
778,35.0270044,-118.1368375,0,"blue"
790,35.0270059,-118.1367723,0,"blue"
802,35.0270074,-118.1367070,0,"blue"
814,35.0270089,-118.1366418,0,"blue"
826,35.0270104,-118.1365766,0,"blue"
838,35.0270120,-118.1365113,0,"blue"
839,35.0269306,-118.1365112,0,"blue"
827,35.0269291,-118.1365764,0,"blue"
815,35.0269276,-118.1366417,0,"blue"
803,35.0269261,-118.1367069,0,"blue"
791,35.0269246,-118.1367721,0,"blue"
779,35.0269231,-118.1368374,0,"blue"
767,35.0269215,-118.1369026,0,"blue"
755,35.0269200,-118.1369678,0,"blue"
743,35.0269185,-118.1370331,0,"blue"
731,35.0269170,-118.1370983,0,"blue"
719,35.0269155,-118.1371635,0,"blue"
707,35.0269140,-118.1372288,0,"blue"
695,35.0269125,-118.1372940,0,"blue"
683,35.0269110,-118.1373592,0,"blue"
671,35.0269095,-118.1374245,0,"blue"
659,35.0269079,-118.1374897,0,"blue - black"
647,35.0269064,-118.1375549,0,"blue"
635,35.0269049,-118.1376202,0,"blue"
623,35.0269034,-118.1376854,0,"blue"
611,35.0269019,-118.1377506,0,"blue"
599,35.0269004,-118.1378159,0,"blue"
587,35.0268989,-118.1378811,0,"blue"
575,35.0268974,-118.1379463,0,"blue"
563,35.0268958,-118.1380116,0,"blue"
551,35.0268943,-118.1380768,0,"blue"
539,35.0268928,-118.1381420,0,"blue"
527,35.0268913,-118.1382073,0,"yellow - black"
515,35.0268898,-118.1382725,0,"yellow - black"
516,35.0268084,-118.1382724,0,"yellow - black"
528,35.0268100,-118.1382071,0,"yellow - black"
540,35.0268115,-118.1381419,0,"blue - black"
552,35.0268130,-118.1380767,0,"blue - black"
564,35.0268145,-118.1380114,0,"blue - black"
576,35.0268160,-118.1379462,0,"blue - black"
588,35.0268175,-118.1378810,0,"purple - black"
600,35.0268190,-118.1378157,0,"purple - black"
612,35.0268205,-118.1377505,0,"blue - black"
624,35.0268220,-118.1376853,0,"blue - black"
636,35.0268236,-118.1376200,0,"blue - black"
648,35.0268251,-118.1375548,0,"blue - black"
660,35.0268266,-118.1374895,0,"blue - black"
672,35.0268281,-118.1374243,0,"blue - black"
684,35.0268296,-118.1373591,0,"blue - black"
696,35.0268311,-118.1372939,0,"blue - black"
708,35.0268326,-118.1372286,0,"blue - black"
720,35.0268341,-118.1371634,0,"blue - black"
732,35.0268356,-118.1370982,0,"blue - black"
744,35.0268372,-118.1370329,0,"blue - black"
756,35.0268387,-118.1369677,0,"blue - black"
768,35.0268402,-118.1369025,0,"blue - black"
780,35.0268417,-118.1368372,0,"blue - black"
792,35.0268432,-118.1367720,0,"blue - black"
804,35.0268447,-118.1367068,0,"blue - black"
816,35.0268462,-118.1366415,0,"blue - black"
828,35.0268477,-118.1365763,0,"blue - black"
840,35.0268492,-118.1365110,0,"blue - black"
1165,35.0267835,-118.1365109,0,"blue - black"
1153,35.0267820,-118.1365762,0,"blue - black"
1141,35.0267805,-118.1366414,0,"blue - black"
1129,35.0267789,-118.1367067,0,"blue - black"
1117,35.0267774,-118.1367719,0,"blue - black"
1105,35.0267759,-118.1368371,0,"blue - black"
1093,35.0267744,-118.1369024,0,"blue - black"
1081,35.0267729,-118.1369676,0,"blue - black"
1069,35.0267714,-118.1370328,0,"blue - black"
1057,35.0267699,-118.1370980,0,"blue - black"
1045,35.0267684,-118.1371633,0,"blue - black"
1033,35.0267669,-118.1372285,0,"blue - black"
1021,35.0267654,-118.1372937,0,"blue - black"
1009,35.0267638,-118.1373590,0,"blue - black"
997,35.0267623,-118.1374242,0,"blue - black"
985,35.0267608,-118.1374894,0,"blue - black"
973,35.0267593,-118.1375547,0,"blue - black"
961,35.0267578,-118.1376199,0,"blue - black"
949,35.0267563,-118.1376852,0,"blue - black"
937,35.0267548,-118.1377504,0,"blue - black"
925,35.0267533,-118.1378156,0,"blue - black"
913,35.0267517,-118.1378809,0,"blue - black"
901,35.0267502,-118.1379461,0,"blue - black"
889,35.0267487,-118.1380113,0,"blue - black"
877,35.0267472,-118.1380766,0,"blue - black"
865,35.0267457,-118.1381418,0,"blue - black"
853,35.0267442,-118.1382070,0,"yellow - black"
841,35.0267427,-118.1382722,0,"yellow - black"
842,35.0266613,-118.1382721,0,"yellow - black"
854,35.0266628,-118.1382069,0,"yellow - black"
866,35.0266643,-118.1381416,0,"blue"
878,35.0266658,-118.1380764,0,"blue"
890,35.0266674,-118.1380112,0,"blue"
902,35.0266689,-118.1379460,0,"blue"
914,35.0266704,-118.1378807,0,"blue"
926,35.0266719,-118.1378155,0,"blue"
938,35.0266734,-118.1377503,0,"blue"
950,35.0266749,-118.1376850,0,"blue"
962,35.0266764,-118.1376198,0,"blue"
974,35.0266779,-118.1375546,0,"blue"
986,35.0266794,-118.1374893,0,"blue - black"
998,35.0266810,-118.1374241,0,"blue"
1010,35.0266825,-118.1373588,0,"blue"
1022,35.0266840,-118.1372936,0,"blue"
1034,35.0266855,-118.1372284,0,"blue"
1046,35.0266870,-118.1371631,0,"blue"
1058,35.0266885,-118.1370979,0,"blue"
1070,35.0266900,-118.1370327,0,"blue"
1082,35.0266915,-118.1369675,0,"blue"
1094,35.0266930,-118.1369022,0,"blue"
1106,35.0266946,-118.1368370,0,"blue"
1118,35.0266961,-118.1367718,0,"blue"
1130,35.0266976,-118.1367065,0,"blue"
1142,35.0266991,-118.1366413,0,"blue"
1154,35.0267006,-118.1365761,0,"blue"
1166,35.0267021,-118.1365108,0,"blue"
1167,35.0266207,-118.1365107,0,"blue"
1155,35.0266192,-118.1365759,0,"blue"
1143,35.0266177,-118.1366412,0,"blue"
1131,35.0266162,-118.1367064,0,"blue"
1119,35.0266147,-118.1367716,0,"blue"
1107,35.0266132,-118.1368369,0,"blue"
1095,35.0266117,-118.1369021,0,"blue"
1083,35.0266102,-118.1369673,0,"blue"
1071,35.0266087,-118.1370325,0,"blue"
1059,35.0266071,-118.1370978,0,"blue"
1047,35.0266056,-118.1371630,0,"blue"
1035,35.0266041,-118.1372282,0,"blue"
1023,35.0266026,-118.1372935,0,"blue"
1011,35.0266011,-118.1373587,0,"blue"
999,35.0265996,-118.1374239,0,"blue"
987,35.0265981,-118.1374892,0,"blue - black"
975,35.0265966,-118.1375544,0,"blue"
963,35.0265951,-118.1376197,0,"blue"
951,35.0265935,-118.1376849,0,"blue"
939,35.0265920,-118.1377501,0,"blue"
927,35.0265905,-118.1378154,0,"blue"
915,35.0265890,-118.1378806,0,"blue"
903,35.0265875,-118.1379458,0,"blue"
891,35.0265860,-118.1380111,0,"blue"
879,35.0265845,-118.1380763,0,"blue"
867,35.0265830,-118.1381415,0,"blue"
855,35.0265815,-118.1382067,0,"yellow - black"
843,35.0265799,-118.1382720,0,"yellow - black"
844,35.0264872,-118.1382718,0,"yellow - black"
856,35.0264887,-118.1382066,0,"yellow - black"
868,35.0264902,-118.1381414,0,"blue"
880,35.0264917,-118.1380761,0,"blue"
892,35.0264933,-118.1380109,0,"purple"
904,35.0264948,-118.1379457,0,"purple"
916,35.0264963,-118.1378804,0,"purple"
928,35.0264978,-118.1378152,0,"purple"
940,35.0264993,-118.1377500,0,"purple"
952,35.0265008,-118.1376847,0,"blue"
964,35.0265023,-118.1376195,0,"blue"
976,35.0265038,-118.1375543,0,"blue"
988,35.0265053,-118.1374890,0,"blue - black"
1000,35.0265069,-118.1374238,0,"blue"
1012,35.0265084,-118.1373585,0,"blue"
1024,35.0265099,-118.1372933,0,"blue"
1036,35.0265114,-118.1372281,0,"blue"
1048,35.0265129,-118.1371629,0,"blue"
1060,35.0265144,-118.1370976,0,"blue"
1072,35.0265159,-118.1370324,0,"blue"
1084,35.0265174,-118.1369672,0,"blue"
1096,35.0265189,-118.1369019,0,"blue"
1108,35.0265205,-118.1368367,0,"blue"
1120,35.0265220,-118.1367715,0,"blue"
1132,35.0265235,-118.1367062,0,"blue"
1144,35.0265250,-118.1366410,0,"blue"
1156,35.0265265,-118.1365758,0,"blue"
1168,35.0265280,-118.1365105,0,"blue"
1169,35.0264353,-118.1365104,0,"blue"
1157,35.0264338,-118.1365756,0,"blue"
1145,35.0264323,-118.1366409,0,"blue"
1133,35.0264308,-118.1367061,0,"blue"
1121,35.0264292,-118.1367713,0,"blue"
1109,35.0264277,-118.1368365,0,"blue"
1097,35.0264262,-118.1369018,0,"blue"
1085,35.0264247,-118.1369670,0,"blue"
1073,35.0264232,-118.1370322,0,"blue"
1061,35.0264217,-118.1370975,0,"blue"
1049,35.0264202,-118.1371627,0,"blue"
1037,35.0264187,-118.1372279,0,"blue"
1025,35.0264172,-118.1372932,0,"blue"
1013,35.0264156,-118.1373584,0,"orange"
1001,35.0264141,-118.1374236,0,"blue"
989,35.0264126,-118.1374889,0,"green - black"
977,35.0264111,-118.1375541,0,"blue"
965,35.0264096,-118.1376194,0,"blue"
953,35.0264081,-118.1376846,0,"blue"
941,35.0264066,-118.1377498,0,"blue"
929,35.0264051,-118.1378150,0,"blue"
917,35.0264036,-118.1378803,0,"blue"
905,35.0264020,-118.1379455,0,"blue"
893,35.0264005,-118.1380107,0,"blue"
881,35.0263990,-118.1380760,0,"blue"
869,35.0263975,-118.1381412,0,"blue"
857,35.0263960,-118.1382064,0,"yellow - black"
845,35.0263945,-118.1382717,0,"yellow - black"
846,35.0263018,-118.1382715,0,"yellow - black"
858,35.0263033,-118.1382063,0,"yellow - black"
870,35.0263048,-118.1381410,0,"blue"
882,35.0263063,-118.1380758,0,"blue"
894,35.0263078,-118.1380106,0,"blue"
906,35.0263093,-118.1379454,0,"blue"
918,35.0263108,-118.1378801,0,"blue"
930,35.0263123,-118.1378149,0,"blue"
942,35.0263138,-118.1377497,0,"blue"
954,35.0263154,-118.1376844,0,"blue"
966,35.0263169,-118.1376192,0,"blue"
978,35.0263184,-118.1375540,0,"blue"
990,35.0263199,-118.1374887,0,"green - black"
1002,35.0263214,-118.1374235,0,"blue"
1014,35.0263229,-118.1373582,0,"orange"
1026,35.0263244,-118.1372930,0,"blue"
1038,35.0263259,-118.1372278,0,"blue"
1050,35.0263274,-118.1371625,0,"blue"
1062,35.0263290,-118.1370973,0,"blue"
1074,35.0263305,-118.1370321,0,"blue"
1086,35.0263320,-118.1369669,0,"blue"
1098,35.0263335,-118.1369016,0,"blue"
1110,35.0263350,-118.1368364,0,"blue"
1122,35.0263365,-118.1367712,0,"blue"
1134,35.0263380,-118.1367059,0,"blue"
1146,35.0263395,-118.1366407,0,"blue"
1158,35.0263410,-118.1365755,0,"blue"
1170,35.0263426,-118.1365102,0,"blue"
1171,35.0262539,-118.1365101,0,"yellow"
1159,35.0262524,-118.1365753,0,"green"
1147,35.0262509,-118.1366406,0,"green"
1135,35.0262494,-118.1367058,0,"green"
1123,35.0262479,-118.1367710,0,"green"
1111,35.0262463,-118.1368362,0,"green"
1099,35.0262448,-118.1369015,0,"green"
1087,35.0262433,-118.1369667,0,"green"
1075,35.0262418,-118.1370319,0,"green"
1063,35.0262403,-118.1370972,0,"green"
1051,35.0262388,-118.1371624,0,"green"
1039,35.0262373,-118.1372276,0,"green"
1027,35.0262358,-118.1372929,0,"green"
1015,35.0262343,-118.1373581,0,"green"
1003,35.0262327,-118.1374233,0,"green"
991,35.0262312,-118.1374886,0,"green"
979,35.0262297,-118.1375538,0,"green"
967,35.0262282,-118.1376191,0,"green"
955,35.0262267,-118.1376843,0,"green"
943,35.0262252,-118.1377495,0,"green"
931,35.0262237,-118.1378147,0,"green"
919,35.0262222,-118.1378800,0,"green"
907,35.0262206,-118.1379452,0,"green"
895,35.0262191,-118.1380104,0,"green"
883,35.0262176,-118.1380757,0,"green"
871,35.0262161,-118.1381409,0,"green"
859,35.0262146,-118.1382061,0,"yellow"
847,35.0262131,-118.1382714,0,"white"
848,35.0261244,-118.1382712,0,"yellow - black"
860,35.0261259,-118.1382060,0,"yellow - black"
872,35.0261274,-118.1381408,0,"blue"
884,35.0261290,-118.1380755,0,"blue"
896,35.0261305,-118.1380103,0,"blue"
908,35.0261320,-118.1379451,0,"blue"
920,35.0261335,-118.1378798,0,"blue"
932,35.0261350,-118.1378146,0,"blue"
944,35.0261365,-118.1377494,0,"blue"
956,35.0261380,-118.1376841,0,"blue"
968,35.0261395,-118.1376189,0,"blue"
980,35.0261411,-118.1375537,0,"blue"
992,35.0261426,-118.1374884,0,"green - black"
1004,35.0261441,-118.1374232,0,"blue"
1016,35.0261456,-118.1373579,0,"green - black"
1028,35.0261471,-118.1372927,0,"blue"
1040,35.0261486,-118.1372275,0,"blue"
1052,35.0261501,-118.1371623,0,"blue"
1064,35.0261516,-118.1370970,0,"blue"
1076,35.0261532,-118.1370318,0,"blue"
1088,35.0261547,-118.1369666,0,"blue"
1100,35.0261562,-118.1369013,0,"blue"
1112,35.0261577,-118.1368361,0,"blue"
1124,35.0261592,-118.1367709,0,"blue"
1136,35.0261607,-118.1367056,0,"blue"
1148,35.0261622,-118.1366404,0,"blue"
1160,35.0261637,-118.1365752,0,"blue"
1172,35.0261652,-118.1365099,0,"blue"
1173,35.0260725,-118.1365098,0,"blue"
1161,35.0260710,-118.1365750,0,"blue"
1149,35.0260695,-118.1366403,0,"blue"
1137,35.0260680,-118.1367055,0,"blue"
1125,35.0260665,-118.1367707,0,"blue"
1113,35.0260650,-118.1368359,0,"blue"
1101,35.0260634,-118.1369012,0,"blue"
1089,35.0260619,-118.1369664,0,"blue"
1077,35.0260604,-118.1370316,0,"blue"
1065,35.0260589,-118.1370969,0,"blue"
1053,35.0260574,-118.1371621,0,"blue"
1041,35.0260559,-118.1372273,0,"blue"
1029,35.0260544,-118.1372926,0,"blue"
1017,35.0260529,-118.1373578,0,"green - black"
1005,35.0260514,-118.1374230,0,"blue"
993,35.0260498,-118.1374883,0,"green - black"
981,35.0260483,-118.1375535,0,"blue"
969,35.0260468,-118.1376188,0,"blue"
957,35.0260453,-118.1376840,0,"blue"
945,35.0260438,-118.1377492,0,"blue"
933,35.0260423,-118.1378144,0,"blue"
921,35.0260408,-118.1378797,0,"blue"
909,35.0260393,-118.1379449,0,"blue"
897,35.0260377,-118.1380101,0,"blue"
885,35.0260362,-118.1380754,0,"blue"
873,35.0260347,-118.1381406,0,"blue"
861,35.0260332,-118.1382058,0,"yellow - black"
849,35.0260317,-118.1382711,0,"yellow - black"
850,35.0259390,-118.1382709,0,"yellow - black"
862,35.0259405,-118.1382057,0,"yellow - black"
874,35.0259420,-118.1381404,0,"blue"
886,35.0259435,-118.1380752,0,"blue"
898,35.0259450,-118.1380100,0,"blue"
910,35.0259465,-118.1379448,0,"blue"
922,35.0259481,-118.1378795,0,"blue"
934,35.0259496,-118.1378143,0,"blue"
946,35.0259511,-118.1377491,0,"blue"
958,35.0259526,-118.1376838,0,"blue"
970,35.0259541,-118.1376186,0,"blue"
982,35.0259556,-118.1375534,0,"blue"
994,35.0259571,-118.1374881,0,"orange"
1006,35.0259586,-118.1374229,0,"blue"
1018,35.0259601,-118.1373576,0,"orange"
1030,35.0259617,-118.1372924,0,"blue"
1042,35.0259632,-118.1372272,0,"blue"
1054,35.0259647,-118.1371619,0,"blue"
1066,35.0259662,-118.1370967,0,"blue"
1078,35.0259677,-118.1370315,0,"blue"
1090,35.0259692,-118.1369663,0,"blue"
1102,35.0259707,-118.1369010,0,"blue"
1114,35.0259722,-118.1368358,0,"blue"
1126,35.0259737,-118.1367706,0,"blue"
1138,35.0259753,-118.1367053,0,"blue"
1150,35.0259768,-118.1366401,0,"blue"
1162,35.0259783,-118.1365749,0,"blue"
1174,35.0259798,-118.1365096,0,"blue"
1175,35.0258984,-118.1365095,0,"green - black"
1163,35.0258969,-118.1365747,0,"green - black"
1151,35.0258954,-118.1366400,0,"green - black"
1139,35.0258939,-118.1367052,0,"green - black"
1127,35.0258924,-118.1367704,0,"green - black"
1115,35.0258909,-118.1368357,0,"green - black"
1103,35.0258893,-118.1369009,0,"green - black"
1091,35.0258878,-118.1369661,0,"green - black"
1079,35.0258863,-118.1370313,0,"green - black"
1067,35.0258848,-118.1370966,0,"green - black"
1055,35.0258833,-118.1371618,0,"green - black"
1043,35.0258818,-118.1372270,0,"green - black"
1031,35.0258803,-118.1372923,0,"green - black"
1019,35.0258788,-118.1373575,0,"green - black"
1007,35.0258773,-118.1374227,0,"green - black"
995,35.0258757,-118.1374880,0,"green - black"
983,35.0258742,-118.1375532,0,"green - black"
971,35.0258727,-118.1376185,0,"green - black"
959,35.0258712,-118.1376837,0,"green - black"
947,35.0258697,-118.1377489,0,"green - black"
935,35.0258682,-118.1378142,0,"green - black"
923,35.0258667,-118.1378794,0,"green - black"
911,35.0258652,-118.1379446,0,"green - black"
899,35.0258637,-118.1380098,0,"green - black"
887,35.0258621,-118.1380751,0,"green - black"
875,35.0258606,-118.1381403,0,"green - black"
863,35.0258591,-118.1382055,0,"yellow - black"
851,35.0258576,-118.1382708,0,"yellow - black"
864,35.0257778,-118.1382054,0,"yellow - black"
876,35.0257793,-118.1381402,0,"green - black"
888,35.0257808,-118.1380749,0,"green - black"
900,35.0257823,-118.1380097,0,"green - black"
912,35.0257838,-118.1379445,0,"green - black"
924,35.0257853,-118.1378792,0,"green - black"
936,35.0257868,-118.1378140,0,"green - black"
948,35.0257883,-118.1377488,0,"green - black"
960,35.0257898,-118.1376836,0,"green - black"
972,35.0257914,-118.1376183,0,"green - black"
984,35.0257929,-118.1375531,0,"green - black"
996,35.0257944,-118.1374878,0,"green - black"
1008,35.0257959,-118.1374226,0,"green - black"
1020,35.0257974,-118.1373574,0,"green - black"
1032,35.0257989,-118.1372921,0,"green - black"
1044,35.0258004,-118.1372269,0,"green - black"
1056,35.0258019,-118.1371617,0,"green - black"
1068,35.0258034,-118.1370964,0,"green - black"
1080,35.0258050,-118.1370312,0,"green - black"
1092,35.0258065,-118.1369660,0,"green - black"
1104,35.0258080,-118.1369008,0,"green - black"
1116,35.0258095,-118.1368355,0,"green - black"
1128,35.0258110,-118.1367703,0,"green - black"
1140,35.0258125,-118.1367051,0,"green - black"
1152,35.0258140,-118.1366398,0,"green - black"
1164,35.0258155,-118.1365746,0,"green - black"
1176,35.0258170,-118.1365093,0,"green - black"
852,35.0257762,-118.1382706,0,"yellow - black"
