Pilecode,N,E
1.1.A.RED,13692101.5244,3010240.6871
1.1.B.WHT,13692080.7784,3010240.6871
1.1.C.RED,13692053.3001,3010240.6871
1.1.D.RED,13692025.8218,3010240.6871
1.1.E.RED,13691998.3435,3010240.6871
1.1.F.RED,13691970.8652,3010240.6871
1.1.G.PRP,13691944.0913,3010240.6871
1.1.H.RED,13691917.3178,3010240.6871
1.1.I.RED,13691889.8395,3010240.6871
1.1.J.RED,13691862.3612,3010240.6871
1.1.K.RED,13691834.8829,3010240.6871
1.1.L.RED,13691810.7707,3010240.6871
1.2.A.WHT,13692101.5244,3010260.6870
1.2.B.RED,13692080.7784,3010260.6870
1.2.C.RED,13692053.3001,3010260.6870
1.2.D.RED,13692025.8218,3010260.6870
1.2.E.RED,13691998.3435,3010260.6870
1.2.F.RED,13691970.8652,3010260.6870
1.2.G.BRO,13691944.0913,3010260.6870
1.2.H.RED,13691917.3178,3010260.6870
1.2.I.RED,13691889.8395,3010260.6870
1.2.J.RED,13691862.3612,3010260.6870
1.2.K.RED,13691834.8829,3010260.6870
1.2.L.RED,13691810.7707,3010260.6870
1.3.A.YEL,13692101.5244,3010280.6870
1.3.B.LGR,13692080.7784,3010280.6870
1.3.C.LBL,13692053.3001,3010280.6870
1.3.D.YEL,13692025.8218,3010280.6870
1.3.E.YEL,13691998.3435,3010280.6870
1.3.F.YEL,13691970.8652,3010280.6870
1.3.G.DBL,13691944.0913,3010280.6870
1.3.H.YEL,13691917.3178,3010280.6870
1.3.I.LBL,13691889.8395,3010280.6870
1.3.J.YEL,13691862.3612,3010280.6870
1.3.K.LGR,13691834.8829,3010280.6870
1.3.L.YEL,13691810.7707,3010280.6870
1.4.A.LBL,13692101.5244,3010300.6873
1.4.B.LGR,13692080.7784,3010300.6873
1.4.C.LBL,13692053.3001,3010300.6873
1.4.D.YEL,13692025.8218,3010300.6873
1.4.E.YEL,13691998.3435,3010300.6873
1.4.F.YEL,13691970.8652,3010300.6873
1.4.G.DBL,13691944.0913,3010300.6873
1.4.H.LBL,13691917.3178,3010300.6873
1.4.I.YEL,13691889.8395,3010300.6873
1.4.J.YEL,13691862.3612,3010300.6873
1.4.K.LGR,13691834.8829,3010300.6873
1.4.L.YEL,13691810.7707,3010300.6873
1.5.A.LBL,13692101.5244,3010320.6872
1.5.B.LGR,13692080.7784,3010320.6872
1.5.C.LBL,13692053.3001,3010320.6872
1.5.D.YEL,13692025.8218,3010320.6872
1.5.E.LBL,13691998.3435,3010320.6872
1.5.F.YEL,13691970.8652,3010320.6872
1.5.G.DBL,13691944.0913,3010320.6872
1.5.H.YEL,13691917.3178,3010320.6872
1.5.I.YEL,13691889.8395,3010320.6872
1.5.J.YEL,13691862.3612,3010320.6872
1.5.K.LGR,13691834.8829,3010320.6872
1.5.L.YEL,13691810.7707,3010320.6872
1.6.A.LBL,13692101.5244,3010340.6872
1.6.B.LGR,13692080.7784,3010340.6872
1.6.C.LBL,13692053.3001,3010340.6872
1.6.D.LBL,13692025.8218,3010340.6872
1.6.E.YEL,13691998.3435,3010340.6872
1.6.F.YEL,13691970.8652,3010340.6872
1.6.G.DBL,13691944.0913,3010340.6872
1.6.H.YEL,13691917.3178,3010340.6872
1.6.I.YEL,13691889.8395,3010340.6872
1.6.J.YEL,13691862.3612,3010340.6872
1.6.K.LGR,13691834.8829,3010340.6872
1.6.L.YEL,13691810.7707,3010340.6872
1.7.A.LBL,13692101.5244,3010360.6871
1.7.B.LGR,13692080.7784,3010360.6871
1.7.C.LBL,13692053.3001,3010360.6871
1.7.D.LBL,13692025.8218,3010360.6871
1.7.E.LBL,13691998.3435,3010360.6871
1.7.F.YEL,13691970.8652,3010360.6871
1.7.G.DBL,13691944.0913,3010360.6871
1.7.H.YEL,13691917.3178,3010360.6871
1.7.I.YEL,13691889.8395,3010360.6871
1.7.J.YEL,13691862.3612,3010360.6871
1.7.K.LGR,13691834.8829,3010360.6871
1.7.L.YEL,13691810.7707,3010360.6871
1.8.A.LBL,13692101.5244,3010380.6871
1.8.B.LBL,13692080.7784,3010380.6871
1.8.C.LBL,13692053.3001,3010380.6871
1.8.D.LBL,13692025.8218,3010380.6871
1.8.E.LBL,13691998.3435,3010380.6871
1.8.F.YEL,13691970.8652,3010380.6871
1.8.G.DBL,13691944.0913,3010380.6871
1.8.H.YEL,13691917.3178,3010380.6871
1.8.I.YEL,13691889.8395,3010380.6871
1.8.J.YEL,13691862.3612,3010380.6871
1.8.K.LGR,13691834.8829,3010380.6871
1.8.L.YEL,13691810.7707,3010380.6871
1.9.A.LBL,13692101.5244,3010400.6871
1.9.B.LBL,13692080.7784,3010400.6871
1.9.C.LBL,13692053.3001,3010400.6871
1.9.D.LBL,13692025.8218,3010400.6871
1.9.E.LBL,13691998.3435,3010400.6871
1.9.F.YEL,13691970.8652,3010400.6871
1.9.G.DBL,13691944.0913,3010400.6871
1.9.H.YEL,13691917.3178,3010400.6871
1.9.I.YEL,13691889.8395,3010400.6871
1.9.J.YEL,13691862.3612,3010400.6871
1.9.K.LGR,13691834.8829,3010400.6871
1.9.L.YEL,13691810.7707,3010400.6871
1.10.A.LBL,13692101.5244,3010420.6870
1.10.B.LBL,13692080.7784,3010420.6870
1.10.C.LBL,13692053.3001,3010420.6870
1.10.D.LBL,13692025.8218,3010420.6870
1.10.E.LBL,13691998.3435,3010420.6870
1.10.F.LBL,13691970.8652,3010420.6870
1.10.G.DBL,13691944.0913,3010420.6870
1.10.H.YEL,13691917.3178,3010420.6870
1.10.I.YEL,13691889.8395,3010420.6870
1.10.J.YEL,13691862.3612,3010420.6870
1.10.K.LGR,13691834.8829,3010420.6870
1.10.L.YEL,13691810.7707,3010420.6870
1.11.A.LBL,13692101.5244,3010440.6870
1.11.B.LBL,13692080.7784,3010440.6870
1.11.C.LBL,13692053.3001,3010440.6870
1.11.D.LBL,13692025.8218,3010440.6870
1.11.E.LBL,13691998.3435,3010440.6870
1.11.F.LBL,13691970.8652,3010440.6870
1.11.G.DBL,13691944.0913,3010440.6870
1.11.H.LBL,13691917.3178,3010440.6870
1.11.I.LBL,13691889.8395,3010440.6870
1.11.J.LBL,13691862.3612,3010440.6870
1.11.K.LGR,13691834.8829,3010440.6870
1.11.L.YEL,13691810.7707,3010440.6870
1.12.A.LBL,13692101.5244,3010460.6869
1.12.B.LBL,13692080.7784,3010460.6869
1.12.C.LBL,13692053.3001,3010460.6869
1.12.D.LBL,13692025.8218,3010460.6869
1.12.E.LBL,13691998.3435,3010460.6869
1.12.F.LBL,13691970.8652,3010460.6869
1.12.G.DBL,13691944.0913,3010460.6869
1.12.H.LBL,13691917.3178,3010460.6869
1.12.I.YEL,13691889.8395,3010460.6869
1.12.J.YEL,13691862.3612,3010460.6869
1.12.K.LGR,13691834.8829,3010460.6869
1.12.L.YEL,13691810.7707,3010460.6869
1.13.A.LBL,13692101.5244,3010480.6872
1.13.B.LBL,13692080.7784,3010480.6872
1.13.C.LBL,13692053.3001,3010480.6872
1.13.D.LBL,13692025.8218,3010480.6872
1.13.E.LBL,13691998.3435,3010480.6872
1.13.F.LBL,13691970.8652,3010480.6872
1.13.G.DBL,13691944.0913,3010480.6872
1.13.H.LBL,13691917.3178,3010480.6872
1.13.I.LBL,13691889.8395,3010480.6872
1.13.J.YEL,13691862.3612,3010480.6872
1.13.K.LGR,13691834.8829,3010480.6872
1.13.L.YEL,13691810.7707,3010480.6872
1.14.A.LBL,13692101.5244,3010500.6872
1.14.B.LBL,13692080.7784,3010500.6872
1.14.C.LBL,13692053.3001,3010500.6872
1.14.D.LBL,13692025.8218,3010500.6872
1.14.E.LBL,13691998.3435,3010500.6872
1.14.F.LBL,13691970.8652,3010500.6872
1.14.G.DBL,13691944.0913,3010500.6872
1.14.H.LBL,13691917.3178,3010500.6872
1.14.I.LBL,13691889.8395,3010500.6872
1.14.J.YEL,13691862.3612,3010500.6872
1.14.K.LGR,13691834.8829,3010500.6872
1.14.L.YEL,13691810.7707,3010500.6872
1.15.A.LBL,13692101.5244,3010520.6871
1.15.B.LBL,13692080.7784,3010520.6871
1.15.C.LBL,13692053.3001,3010520.6871
1.15.D.LBL,13692025.8218,3010520.6871
1.15.E.LBL,13691998.3435,3010520.6871
1.15.F.LBL,13691970.8652,3010520.6871
1.15.G.DBL,13691944.0913,3010520.6871
1.15.H.LBL,13691917.3178,3010520.6871
1.15.I.LBL,13691889.8395,3010520.6871
1.15.J.YEL,13691862.3612,3010520.6871
1.15.K.LGR,13691834.8829,3010520.6871
1.15.L.YEL,13691810.7707,3010520.6871
1.16.A.LBL,13692101.5244,3010540.6871
1.16.B.LBL,13692080.7784,3010540.6871
1.16.C.LBL,13692053.3001,3010540.6871
1.16.D.LBL,13692025.8218,3010540.6871
1.16.E.LBL,13691998.3435,3010540.6871
1.16.F.LBL,13691970.8652,3010540.6871
1.16.G.DBL,13691944.0913,3010540.6871
1.16.H.LBL,13691917.3178,3010540.6871
1.16.I.LBL,13691889.8395,3010540.6871
1.16.J.YEL,13691862.3612,3010540.6871
1.16.K.LGR,13691834.8829,3010540.6871
1.16.L.YEL,13691810.7707,3010540.6871
1.17.A.LBL,13692101.5244,3010560.6871
1.17.B.LBL,13692080.7784,3010560.6871
1.17.C.LBL,13692053.3001,3010560.6871
1.17.D.LBL,13692025.8218,3010560.6871
1.17.E.LBL,13691998.3435,3010560.6871
1.17.F.LBL,13691970.8652,3010560.6871
1.17.G.DBL,13691944.0913,3010560.6871
1.17.H.LBL,13691917.3178,3010560.6871
1.17.I.LBL,13691889.8395,3010560.6871
1.17.J.LBL,13691862.3612,3010560.6871
1.17.K.LGR,13691834.8829,3010560.6871
1.17.L.YEL,13691810.7707,3010560.6871
1.18.A.LBL,13692101.5244,3010580.6870
1.18.B.LBL,13692080.7784,3010580.6870
1.18.C.LBL,13692053.3001,3010580.6870
1.18.D.LBL,13692025.8218,3010580.6870
1.18.E.LBL,13691998.3435,3010580.6870
1.18.F.LBL,13691970.8652,3010580.6870
1.18.G.DBL,13691944.0913,3010580.6870
1.18.H.LBL,13691917.3178,3010580.6870
1.18.I.LBL,13691889.8395,3010580.6870
1.18.J.LBL,13691862.3612,3010580.6870
1.18.K.LGR,13691834.8829,3010580.6870
1.18.L.YEL,13691810.7707,3010580.6870
1.19.A.ORA,13692101.5244,3010600.6870
1.19.B.LBL,13692080.7784,3010600.6870
1.19.C.LBL,13692053.3001,3010600.6870
1.19.D.LBL,13692025.8218,3010600.6870
1.19.E.LBL,13691998.3435,3010600.6870
1.19.F.LBL,13691970.8652,3010600.6870
1.19.G.DBL,13691944.0913,3010600.6870
1.19.H.LBL,13691917.3178,3010600.6870
1.19.I.LBL,13691889.8395,3010600.6870
1.19.J.LBL,13691862.3612,3010600.6870
1.19.K.LGR,13691834.8829,3010600.6870
1.19.L.YEL,13691810.7707,3010600.6870
1.20.A.ORA,13692101.5244,3010620.6869
1.20.B.ORA,13692080.7784,3010620.6869
1.20.C.LBL,13692053.3001,3010620.6869
1.20.D.LBL,13692025.8218,3010620.6869
1.20.E.LBL,13691998.3435,3010620.6869
1.20.F.LBL,13691970.8652,3010620.6869
1.20.G.DBL,13691944.0913,3010620.6869
1.20.H.LBL,13691917.3178,3010620.6869
1.20.I.LBL,13691889.8395,3010620.6869
1.20.J.LBL,13691862.3612,3010620.6869
1.20.K.LBL,13691834.8829,3010620.6869
1.20.L.YEL,13691810.7707,3010620.6869
1.21.A.ORA,13692101.5244,3010640.6872
1.21.B.ORA,13692080.7784,3010640.6872
1.21.C.LBL,13692053.3001,3010640.6872
1.21.D.LBL,13692025.8218,3010640.6872
1.21.E.LBL,13691998.3435,3010640.6872
1.21.F.LBL,13691970.8652,3010640.6872
1.21.G.DBL,13691944.0913,3010640.6872
1.21.H.LBL,13691917.3178,3010640.6872
1.21.I.LBL,13691889.8395,3010640.6872
1.21.J.LBL,13691862.3612,3010640.6872
1.21.K.LBL,13691834.8829,3010640.6872
1.21.L.YEL,13691810.7707,3010640.6872
1.22.A.LBL,13692101.5244,3010660.6872
1.22.B.LBL,13692080.7784,3010660.6872
1.22.C.LBL,13692053.3001,3010660.6872
1.22.D.LBL,13692025.8218,3010660.6872
1.22.E.LBL,13691998.3435,3010660.6872
1.22.F.LBL,13691970.8652,3010660.6872
1.22.G.DBL,13691944.0913,3010660.6872
1.22.H.LBL,13691917.3178,3010660.6872
1.22.I.LBL,13691889.8395,3010660.6872
1.22.J.LBL,13691862.3612,3010660.6872
1.22.K.LBL,13691834.8829,3010660.6872
1.22.L.YEL,13691810.7707,3010660.6872
1.23.A.LBL,13692101.5244,3010680.6872
1.23.B.LBL,13692080.7784,3010680.6872
1.23.C.LBL,13692053.3001,3010680.6872
1.23.D.LBL,13692025.8218,3010680.6872
1.23.E.LBL,13691998.3435,3010680.6872
1.23.F.LBL,13691970.8652,3010680.6872
1.23.G.DBL,13691944.0913,3010680.6872
1.23.H.LBL,13691917.3178,3010680.6872
1.23.I.LBL,13691889.8395,3010680.6872
1.23.J.LBL,13691862.3612,3010680.6872
1.23.K.LBL,13691834.8829,3010680.6872
1.23.L.YEL,13691810.7707,3010680.6872
1.24.A.ORA,13692101.5244,3010700.6871
1.24.B.LBL,13692080.7784,3010700.6871
1.24.C.LBL,13692053.3001,3010700.6871
1.24.D.LBL,13692025.8218,3010700.6871
1.24.E.LBL,13691998.3435,3010700.6871
1.24.F.LBL,13691970.8652,3010700.6871
1.24.G.DBL,13691944.0913,3010700.6871
1.24.H.LBL,13691917.3178,3010700.6871
1.24.I.LBL,13691889.8395,3010700.6871
1.24.J.LBL,13691862.3612,3010700.6871
1.24.K.YEL,13691834.8829,3010700.6871
1.24.L.YEL,13691810.7707,3010700.6871
1.25.A.ORA,13692101.5244,3010720.6871
1.25.B.LBL,13692080.7784,3010720.6871
1.25.C.LBL,13692053.3001,3010720.6871
1.25.D.LBL,13692025.8218,3010720.6871
1.25.E.LBL,13691998.3435,3010720.6871
1.25.F.LBL,13691970.8652,3010720.6871
1.25.G.DBL,13691944.0913,3010720.6871
1.25.H.LBL,13691917.3178,3010720.6871
1.25.I.LBL,13691889.8395,3010720.6871
1.25.J.LBL,13691862.3612,3010720.6871
1.25.K.LBL,13691834.8829,3010720.6871
1.25.L.YEL,13691810.7707,3010720.6871
1.26.A.LBL,13692101.5244,3010740.6870
1.26.B.LBL,13692080.7784,3010740.6870
1.26.C.LBL,13692053.3001,3010740.6870
1.26.D.LBL,13692025.8218,3010740.6870
1.26.E.LBL,13691998.3435,3010740.6870
1.26.F.LBL,13691970.8652,3010740.6870
1.26.G.DBL,13691944.0913,3010740.6870
1.26.H.LBL,13691917.3178,3010740.6870
1.26.I.LBL,13691889.8395,3010740.6870
1.26.J.LBL,13691862.3612,3010740.6870
1.26.K.LBL,13691834.8829,3010740.6870
1.26.L.LBL,13691810.7707,3010740.6870
1.27.A.LBL,13692101.5244,3010760.6870
1.27.B.LBL,13692080.7784,3010760.6870
1.27.C.LBL,13692053.3001,3010760.6870
1.27.D.LBL,13692025.8218,3010760.6870
1.27.E.LBL,13691998.3435,3010760.6870
1.27.F.LBL,13691970.8652,3010760.6870
1.27.G.DBL,13691944.0913,3010760.6870
1.27.H.LBL,13691917.3178,3010760.6870
1.27.I.LBL,13691889.8395,3010760.6870
1.27.J.LBL,13691862.3612,3010760.6870
1.27.K.LBL,13691834.8829,3010760.6870
1.27.L.YEL,13691810.7707,3010760.6870
1.28.A.LBL,13692101.5244,3010780.6870
1.28.B.LBL,13692080.7784,3010780.6870
1.28.C.LBL,13692053.3001,3010780.6870
1.28.D.LBL,13692025.8218,3010780.6870
1.28.E.LBL,13691998.3435,3010780.6870
1.28.F.LBL,13691970.8652,3010780.6870
1.28.G.DBL,13691944.0913,3010780.6870
1.28.H.LBL,13691917.3178,3010780.6870
1.28.I.LBL,13691889.8395,3010780.6870
1.28.J.LBL,13691862.3612,3010780.6870
1.28.K.LBL,13691834.8829,3010780.6870
1.28.L.YEL,13691810.7707,3010780.6870
1.29.A.LBL,13692101.5244,3010800.6872
1.29.B.LBL,13692080.7784,3010800.6872
1.29.C.LBL,13692053.3001,3010800.6872
1.29.D.LBL,13692025.8218,3010800.6872
1.29.E.LBL,13691998.3435,3010800.6872
1.29.F.LBL,13691970.8652,3010800.6872
1.29.G.DBL,13691944.0913,3010800.6872
1.29.H.LBL,13691917.3178,3010800.6872
1.29.I.LBL,13691889.8395,3010800.6872
1.29.J.LBL,13691862.3612,3010800.6872
1.29.K.YEL,13691834.8829,3010800.6872
1.29.L.YEL,13691810.7707,3010800.6872
1.30.A.LBL,13692101.5244,3010820.6872
1.30.B.LBL,13692080.7784,3010820.6872
1.30.C.LBL,13692053.3001,3010820.6872
1.30.D.LBL,13692025.8218,3010820.6872
1.30.E.LBL,13691998.3435,3010820.6872
1.30.F.LBL,13691970.8652,3010820.6872
1.30.G.DBL,13691944.0913,3010820.6872
1.30.H.LBL,13691917.3178,3010820.6872
1.30.I.LBL,13691889.8395,3010820.6872
1.30.J.YEL,13691862.3612,3010820.6872
1.30.K.YEL,13691834.8829,3010820.6872
1.30.L.YEL,13691810.7707,3010820.6872
1.31.A.LBL,13692101.5244,3010840.6872
1.31.B.LBL,13692080.7784,3010840.6872
1.31.C.LBL,13692053.3001,3010840.6872
1.31.D.LBL,13692025.8218,3010840.6872
1.31.E.LBL,13691998.3435,3010840.6872
1.31.F.LBL,13691970.8652,3010840.6872
1.31.G.DBL,13691944.0913,3010840.6872
1.31.H.LBL,13691917.3178,3010840.6872
1.31.I.LBL,13691889.8395,3010840.6872
1.31.J.LBL,13691862.3612,3010840.6872
1.31.K.LBL,13691834.8829,3010840.6872
1.31.L.LBL,13691810.7707,3010840.6872
1.32.A.LBL,13692101.5244,3010860.6871
1.32.B.LBL,13692080.7784,3010860.6871
1.32.C.LBL,13692053.3001,3010860.6871
1.32.D.LBL,13692025.8218,3010860.6871
1.32.E.LBL,13691998.3435,3010860.6871
1.32.F.LBL,13691970.8652,3010860.6871
1.32.G.DBL,13691944.0913,3010860.6871
1.32.H.LBL,13691917.3178,3010860.6871
1.32.I.LBL,13691889.8395,3010860.6871
1.32.J.LBL,13691862.3612,3010860.6871
1.32.K.LBL,13691834.8829,3010860.6871
1.32.L.YEL,13691810.7707,3010860.6871
1.33.A.LBL,13692101.5244,3010880.6871
1.33.B.LBL,13692080.7784,3010880.6871
1.33.C.LBL,13692053.3001,3010880.6871
1.33.D.LBL,13692025.8218,3010880.6871
1.33.E.LBL,13691998.3435,3010880.6871
1.33.F.LBL,13691970.8652,3010880.6871
1.33.G.DBL,13691944.0913,3010880.6871
1.33.H.LBL,13691917.3178,3010880.6871
1.33.I.YEL,13691889.8395,3010880.6871
1.33.J.YEL,13691862.3612,3010880.6871
1.33.K.YEL,13691834.8829,3010880.6871
1.33.L.YEL,13691810.7707,3010880.6871
1.34.A.LBL,13692101.5244,3010900.6870
1.34.B.LBL,13692080.7784,3010900.6870
1.34.C.YEL,13692053.3001,3010900.6870
1.34.D.LBL,13692025.8218,3010900.6870
1.34.E.YEL,13691998.3435,3010900.6870
1.34.F.YEL,13691970.8652,3010900.6870
1.34.G.DBL,13691944.0913,3010900.6870
1.34.H.YEL,13691917.3178,3010900.6870
1.34.I.YEL,13691889.8395,3010900.6870
1.34.J.YEL,13691862.3612,3010900.6870
1.34.K.YEL,13691834.8829,3010900.6870
1.34.L.YEL,13691810.7707,3010900.6870
1.35.A.LBL,13692101.5244,3010920.6870
1.35.B.LBL,13692080.7784,3010920.6870
1.35.C.LBL,13692053.3001,3010920.6870
1.35.D.LBL,13692025.8218,3010920.6870
1.35.E.LBL,13691998.3435,3010920.6870
1.35.F.YEL,13691970.8652,3010920.6870
1.35.G.DBL,13691944.0913,3010920.6870
1.35.H.YEL,13691917.3178,3010920.6870
1.35.I.YEL,13691889.8395,3010920.6870
1.35.J.YEL,13691862.3612,3010920.6870
1.35.K.YEL,13691834.8829,3010920.6870
1.35.L.YEL,13691810.7707,3010920.6870
1.36.A.LBL,13692101.5244,3010940.6870
1.36.B.LBL,13692080.7784,3010940.6870
1.36.C.LBL,13692053.3001,3010940.6870
1.36.D.LBL,13692025.8218,3010940.6870
1.36.E.LBL,13691998.3435,3010940.6870
1.36.F.YEL,13691970.8652,3010940.6870
1.36.G.DBL,13691944.0913,3010940.6870
1.36.H.LBL,13691917.3178,3010940.6870
1.36.I.YEL,13691889.8395,3010940.6870
1.36.J.YEL,13691862.3612,3010940.6870
1.36.K.YEL,13691834.8829,3010940.6870
1.36.L.YEL,13691810.7707,3010940.6870
1.37.A.LBL,13692101.5244,3010960.6873
1.37.B.LBL,13692080.7784,3010960.6873
1.37.C.LBL,13692053.3001,3010960.6873
1.37.D.LBL,13692025.8218,3010960.6873
1.37.E.LBL,13691998.3435,3010960.6873
1.37.F.LBL,13691970.8652,3010960.6873
1.37.G.DBL,13691944.0913,3010960.6873
1.37.H.LBL,13691917.3178,3010960.6873
1.37.I.YEL,13691889.8395,3010960.6873
1.37.J.YEL,13691862.3612,3010960.6873
1.37.K.YEL,13691834.8829,3010960.6873
1.37.L.YEL,13691810.7707,3010960.6873
1.38.A.LBL,13692101.5244,3010980.6872
1.38.B.LBL,13692080.7784,3010980.6872
1.38.C.LBL,13692053.3001,3010980.6872
1.38.D.LBL,13692025.8218,3010980.6872
1.38.E.LBL,13691998.3435,3010980.6872
1.38.F.LBL,13691970.8652,3010980.6872
1.38.G.DBL,13691944.0913,3010980.6872
1.38.H.LBL,13691917.3178,3010980.6872
1.38.I.YEL,13691889.8395,3010980.6872
1.38.J.YEL,13691862.3612,3010980.6872
1.38.K.YEL,13691834.8829,3010980.6872
1.38.L.YEL,13691810.7707,3010980.6872
1.39.A.LBL,13692101.5244,3011000.6872
1.39.B.LBL,13692080.7784,3011000.6872
1.39.C.LBL,13692053.3001,3011000.6872
1.39.D.LBL,13692025.8218,3011000.6872
1.39.E.LBL,13691998.3435,3011000.6872
1.39.F.LBL,13691970.8652,3011000.6872
1.39.G.DBL,13691944.0913,3011000.6872
1.39.H.YEL,13691917.3178,3011000.6872
1.39.I.YEL,13691889.8395,3011000.6872
1.39.J.YEL,13691862.3612,3011000.6872
1.39.K.YEL,13691834.8829,3011000.6872
1.39.L.YEL,13691810.7707,3011000.6872
1.40.A.LBL,13692101.5244,3011020.6871
1.40.B.LBL,13692080.7784,3011020.6871
1.40.C.YEL,13692053.3001,3011020.6871
1.40.D.LBL,13692025.8218,3011020.6871
1.40.E.YEL,13691998.3435,3011020.6871
1.40.F.LBL,13691970.8652,3011020.6871
1.40.G.DBL,13691944.0913,3011020.6871
1.40.H.YEL,13691917.3178,3011020.6871
1.40.I.YEL,13691889.8395,3011020.6871
1.40.J.YEL,13691862.3612,3011020.6871
1.40.K.YEL,13691834.8829,3011020.6871
1.40.L.YEL,13691810.7707,3011020.6871
1.41.A.LBL,13692101.5244,3011040.6871
1.41.B.LBL,13692080.7784,3011040.6871
1.41.C.LBL,13692053.3001,3011040.6871
1.41.D.YEL,13692025.8218,3011040.6871
1.41.E.YEL,13691998.3435,3011040.6871
1.41.F.YEL,13691970.8652,3011040.6871
1.41.G.DBL,13691944.0913,3011040.6871
1.41.H.YEL,13691917.3178,3011040.6871
1.41.I.YEL,13691889.8395,3011040.6871
1.41.J.YEL,13691862.3612,3011040.6871
1.41.K.YEL,13691834.8829,3011040.6871
1.41.L.YEL,13691810.7707,3011040.6871
1.42.A.LBL,13692101.5244,3011060.6871
1.42.B.LBL,13692080.7784,3011060.6871
1.42.C.LBL,13692053.3001,3011060.6871
1.42.D.YEL,13692025.8218,3011060.6871
1.42.E.YEL,13691998.3435,3011060.6871
1.42.F.YEL,13691970.8652,3011060.6871
1.42.G.DBL,13691944.0913,3011060.6871
1.42.H.YEL,13691917.3178,3011060.6871
1.42.I.YEL,13691889.8395,3011060.6871
1.42.J.YEL,13691862.3612,3011060.6871
1.42.K.YEL,13691834.8829,3011060.6871
1.42.L.YEL,13691810.7707,3011060.6871
1.43.A.LBL,13692101.5244,3011080.6870
1.43.B.LBL,13692080.7784,3011080.6870
1.43.C.LBL,13692053.3001,3011080.6870
1.43.D.YEL,13692025.8218,3011080.6870
1.43.E.YEL,13691998.3435,3011080.6870
1.43.F.YEL,13691970.8652,3011080.6870
1.43.G.DBL,13691944.0913,3011080.6870
1.43.H.YEL,13691917.3178,3011080.6870
1.43.I.YEL,13691889.8395,3011080.6870
1.43.J.YEL,13691862.3612,3011080.6870
1.43.K.YEL,13691834.8829,3011080.6870
1.43.L.YEL,13691810.7707,3011080.6870
1.44.A.LBL,13692101.5244,3011100.6870
1.44.B.LBL,13692080.7784,3011100.6870
1.44.C.LBL,13692053.3001,3011100.6870
1.44.D.LBL,13692025.8218,3011100.6870
1.44.E.YEL,13691998.3435,3011100.6870
1.44.F.YEL,13691970.8652,3011100.6870
1.44.G.DBL,13691944.0913,3011100.6870
1.44.H.YEL,13691917.3178,3011100.6870
1.44.I.YEL,13691889.8395,3011100.6870
1.44.J.YEL,13691862.3612,3011100.6870
1.44.K.YEL,13691834.8829,3011100.6870
1.44.L.YEL,13691810.7707,3011100.6870
1.45.A.LBL,13692101.5244,3011120.6873
1.45.B.LBL,13692080.7784,3011120.6873
1.45.C.LBL,13692053.3001,3011120.6873
1.45.D.YEL,13692025.8218,3011120.6873
1.45.E.YEL,13691998.3435,3011120.6873
1.45.F.YEL,13691970.8652,3011120.6873
1.45.G.DBL,13691944.0913,3011120.6873
1.45.H.YEL,13691917.3178,3011120.6873
1.45.I.YEL,13691889.8395,3011120.6873
1.45.J.YEL,13691862.3612,3011120.6873
1.45.K.YEL,13691834.8829,3011120.6873
1.45.L.YEL,13691810.7707,3011120.6873
1.46.A.LBL,13692101.5244,3011140.6872
1.46.B.LBL,13692080.7784,3011140.6872
1.46.C.LBL,13692053.3001,3011140.6872
1.46.D.LBL,13692025.8218,3011140.6872
1.46.E.YEL,13691998.3435,3011140.6872
1.46.F.YEL,13691970.8652,3011140.6872
1.46.G.DBL,13691944.0913,3011140.6872
1.46.H.YEL,13691917.3178,3011140.6872
1.46.I.YEL,13691889.8395,3011140.6872
1.46.J.YEL,13691862.3612,3011140.6872
1.46.K.YEL,13691834.8829,3011140.6872
1.46.L.YEL,13691810.7707,3011140.6872
1.47.A.LBL,13692101.5244,3011160.6872
1.47.B.LBL,13692080.7784,3011160.6872
1.47.C.LBL,13692053.3001,3011160.6872
1.47.D.LBL,13692025.8218,3011160.6872
1.47.E.YEL,13691998.3435,3011160.6872
1.47.F.YEL,13691970.8652,3011160.6872
1.47.G.DBL,13691944.0913,3011160.6872
1.47.H.YEL,13691917.3178,3011160.6872
1.47.I.YEL,13691889.8395,3011160.6872
1.47.J.YEL,13691862.3612,3011160.6872
1.47.K.YEL,13691834.8829,3011160.6872
1.47.L.YEL,13691810.7707,3011160.6872
1.48.A.LBL,13692101.5244,3011180.6871
1.48.B.LGR,13692080.7784,3011180.6871
1.48.C.YEL,13692053.3001,3011180.6871
1.48.D.YEL,13692025.8218,3011180.6871
1.48.E.LBL,13691998.3435,3011180.6871
1.48.F.YEL,13691970.8652,3011180.6871
1.48.G.DBL,13691944.0913,3011180.6871
1.48.H.YEL,13691917.3178,3011180.6871
1.48.I.YEL,13691889.8395,3011180.6871
1.48.J.YEL,13691862.3612,3011180.6871
1.48.K.LGR,13691834.8829,3011180.6871
1.48.L.YEL,13691810.7707,3011180.6871
1.49.A.LBL,13692101.5244,3011200.6871
1.49.B.LGR,13692080.7784,3011200.6871
1.49.C.YEL,13692053.3001,3011200.6871
1.49.D.LBL,13692025.8218,3011200.6871
1.49.E.YEL,13691998.3435,3011200.6871
1.49.F.YEL,13691970.8652,3011200.6871
1.49.G.DBL,13691944.0913,3011200.6871
1.49.H.YEL,13691917.3178,3011200.6871
1.49.I.YEL,13691889.8395,3011200.6871
1.49.J.YEL,13691862.3612,3011200.6871
1.49.K.LGR,13691834.8829,3011200.6871
1.49.L.YEL,13691810.7707,3011200.6871
1.50.A.LBL,13692101.5244,3011220.6871
1.50.B.LGR,13692080.7784,3011220.6871
1.50.C.LBL,13692053.3001,3011220.6871
1.50.D.LBL,13692025.8218,3011220.6871
1.50.E.LBL,13691998.3435,3011220.6871
1.50.F.LBL,13691970.8652,3011220.6871
1.50.G.DBL,13691944.0913,3011220.6871
1.50.H.LBL,13691917.3178,3011220.6871
1.50.I.LBL,13691889.8395,3011220.6871
1.50.J.LBL,13691862.3612,3011220.6871
1.50.K.LGR,13691834.8829,3011220.6871
1.50.L.YEL,13691810.7707,3011220.6871
1.51.A.YEL,13692101.5244,3011240.6870
1.51.B.LGR,13692080.7784,3011240.6870
1.51.C.YEL,13692053.3001,3011240.6870
1.51.D.YEL,13692025.8218,3011240.6870
1.51.E.YEL,13691998.3435,3011240.6870
1.51.F.YEL,13691970.8652,3011240.6870
1.51.G.DBL,13691944.0913,3011240.6870
1.51.H.YEL,13691917.3178,3011240.6870
1.51.I.YEL,13691889.8395,3011240.6870
1.51.J.YEL,13691862.3612,3011240.6870
1.51.K.LGR,13691834.8829,3011240.6870
1.51.L.YEL,13691810.7707,3011240.6870
1.52.A.LBL,13692101.5244,3011260.6870
1.52.B.LGR,13692080.7784,3011260.6870
1.52.C.YEL,13692053.3001,3011260.6870
1.52.D.YEL,13692025.8218,3011260.6870
1.52.E.YEL,13691998.3435,3011260.6870
1.52.F.YEL,13691970.8652,3011260.6870
1.52.G.PRP,13691944.0913,3011260.6870
1.52.H.YEL,13691917.3178,3011260.6870
1.52.I.YEL,13691889.8395,3011260.6870
1.52.J.YEL,13691862.3612,3011260.6870
1.52.K.LGR,13691834.8829,3011260.6870
1.52.L.YEL,13691810.7707,3011260.6870
1.53.A.LBL,13692101.5244,3011287.3506
1.53.B.LGR,13692080.7784,3011287.3506
1.53.C.LBL,13692053.3001,3011287.3506
1.53.D.LBL,13692025.8218,3011287.3506
1.53.E.LBL,13691998.3435,3011287.3506
1.53.F.LBL,13691970.8652,3011287.3506
1.53.G.PRP,13691944.0913,3011287.3506
1.53.H.LBL,13691917.3178,3011287.3506
1.53.I.LBL,13691889.8395,3011287.3506
1.53.J.LBL,13691862.3612,3011287.3506
1.53.K.LGR,13691834.8829,3011287.3506
1.53.L.LBL,13691810.7707,3011287.3506
1.54.A.YEL,13692101.5244,3011307.3506
1.54.B.LGR,13692080.7784,3011307.3506
1.54.C.YEL,13692053.3001,3011307.3506
1.54.D.YEL,13692025.8218,3011307.3506
1.54.E.YEL,13691998.3435,3011307.3506
1.54.F.YEL,13691970.8652,3011307.3506
1.54.G.DBL,13691944.0913,3011307.3506
1.54.H.YEL,13691917.3178,3011307.3506
1.54.I.YEL,13691889.8395,3011307.3506
1.54.J.YEL,13691862.3612,3011307.3506
1.54.K.LGR,13691834.8829,3011307.3506
1.54.L.YEL,13691810.7707,3011307.3506
1.55.A.YEL,13692101.5244,3011327.3506
1.55.B.YEL,13692080.7784,3011327.3506
1.55.C.YEL,13692053.3001,3011327.3506
1.55.D.YEL,13692025.8218,3011327.3506
1.55.E.YEL,13691998.3435,3011327.3506
1.55.F.YEL,13691970.8652,3011327.3506
1.55.G.DBL,13691944.0913,3011327.3506
1.55.H.YEL,13691917.3178,3011327.3506
1.55.I.YEL,13691889.8395,3011327.3506
1.55.J.YEL,13691862.3612,3011327.3506
1.55.K.YEL,13691834.8829,3011327.3506
1.55.L.YEL,13691810.7707,3011327.3506
1.56.A.LBL,13692101.5244,3011347.3505
1.56.B.YEL,13692080.7784,3011347.3505
1.56.C.YEL,13692053.3001,3011347.3505
1.56.D.YEL,13692025.8218,3011347.3505
1.56.E.YEL,13691998.3435,3011347.3505
1.56.F.YEL,13691970.8652,3011347.3505
1.56.G.DBL,13691944.0913,3011347.3505
1.56.H.YEL,13691917.3178,3011347.3505
1.56.I.YEL,13691889.8395,3011347.3505
1.56.J.YEL,13691862.3612,3011347.3505
1.56.K.YEL,13691834.8829,3011347.3505
1.56.L.YEL,13691810.7707,3011347.3505
1.57.A.LBL,13692101.5244,3011367.3505
1.57.B.YEL,13692080.7784,3011367.3505
1.57.C.YEL,13692053.3001,3011367.3505
1.57.D.YEL,13692025.8218,3011367.3505
1.57.E.YEL,13691998.3435,3011367.3505
1.57.F.YEL,13691970.8652,3011367.3505
1.57.G.DBL,13691944.0913,3011367.3505
1.57.H.YEL,13691917.3178,3011367.3505
1.57.I.YEL,13691889.8395,3011367.3505
1.57.J.YEL,13691862.3612,3011367.3505
1.57.K.YEL,13691834.8829,3011367.3505
1.57.L.YEL,13691810.7707,3011367.3505
1.58.A.YEL,13692101.5244,3011387.3504
1.58.B.YEL,13692080.7784,3011387.3504
1.58.C.YEL,13692053.3001,3011387.3504
1.58.D.YEL,13692025.8218,3011387.3504
1.58.E.YEL,13691998.3435,3011387.3504
1.58.F.YEL,13691970.8652,3011387.3504
1.58.G.DBL,13691944.0913,3011387.3504
1.58.H.YEL,13691917.3178,3011387.3504
1.58.I.YEL,13691889.8395,3011387.3504
1.58.J.YEL,13691862.3612,3011387.3504
1.58.K.YEL,13691834.8829,3011387.3504
1.58.L.YEL,13691810.7707,3011387.3504
1.59.A.YEL,13692101.5244,3011407.3504
1.59.B.YEL,13692080.7784,3011407.3504
1.59.C.YEL,13692053.3001,3011407.3504
1.59.D.YEL,13692025.8218,3011407.3504
1.59.E.YEL,13691998.3435,3011407.3504
1.59.F.YEL,13691970.8652,3011407.3504
1.59.G.DBL,13691944.0913,3011407.3504
1.59.H.YEL,13691917.3178,3011407.3504
1.59.I.YEL,13691889.8395,3011407.3504
1.59.J.YEL,13691862.3612,3011407.3504
1.59.K.YEL,13691834.8829,3011407.3504
1.59.L.YEL,13691810.7707,3011407.3504
1.60.A.YEL,13692101.5244,3011427.3504
1.60.B.YEL,13692080.7784,3011427.3504
1.60.C.YEL,13692053.3001,3011427.3504
1.60.D.YEL,13692025.8218,3011427.3504
1.60.E.YEL,13691998.3435,3011427.3504
1.60.F.YEL,13691970.8652,3011427.3504
1.60.G.DBL,13691944.0913,3011427.3504
1.60.H.YEL,13691917.3178,3011427.3504
1.60.I.YEL,13691889.8395,3011427.3504
1.60.J.YEL,13691862.3612,3011427.3504
1.60.K.YEL,13691834.8829,3011427.3504
1.60.L.YEL,13691810.7707,3011427.3504
1.61.A.YEL,13692101.5244,3011447.3507
1.61.B.YEL,13692080.7784,3011447.3507
1.61.C.YEL,13692053.3001,3011447.3507
1.61.D.YEL,13692025.8218,3011447.3507
1.61.E.YEL,13691998.3435,3011447.3507
1.61.F.YEL,13691970.8652,3011447.3507
1.61.G.DBL,13691944.0913,3011447.3507
1.61.H.YEL,13691917.3178,3011447.3507
1.61.I.YEL,13691889.8395,3011447.3507
1.61.J.YEL,13691862.3612,3011447.3507
1.61.K.YEL,13691834.8829,3011447.3507
1.61.L.YEL,13691810.7707,3011447.3507
1.62.A.LBL,13692101.5244,3011467.3506
1.62.B.YEL,13692080.7784,3011467.3506
1.62.C.YEL,13692053.3001,3011467.3506
1.62.D.YEL,13692025.8218,3011467.3506
1.62.E.YEL,13691998.3435,3011467.3506
1.62.F.YEL,13691970.8652,3011467.3506
1.62.G.DBL,13691944.0913,3011467.3506
1.62.H.YEL,13691917.3178,3011467.3506
1.62.I.YEL,13691889.8395,3011467.3506
1.62.J.YEL,13691862.3612,3011467.3506
1.62.K.YEL,13691834.8829,3011467.3506
1.62.L.YEL,13691810.7707,3011467.3506
1.63.A.LBL,13692101.5244,3011487.3506
1.63.B.YEL,13692080.7784,3011487.3506
1.63.C.YEL,13692053.3001,3011487.3506
1.63.D.YEL,13692025.8218,3011487.3506
1.63.E.YEL,13691998.3435,3011487.3506
1.63.F.YEL,13691970.8652,3011487.3506
1.63.G.DBL,13691944.0913,3011487.3506
1.63.H.YEL,13691917.3178,3011487.3506
1.63.I.YEL,13691889.8395,3011487.3506
1.63.J.YEL,13691862.3612,3011487.3506
1.63.K.YEL,13691834.8829,3011487.3506
1.63.L.YEL,13691810.7707,3011487.3506
1.64.A.YEL,13692101.5244,3011507.3505
1.64.B.YEL,13692080.7784,3011507.3505
1.64.C.YEL,13692053.3001,3011507.3505
1.64.D.YEL,13692025.8218,3011507.3505
1.64.E.YEL,13691998.3435,3011507.3505
1.64.F.YEL,13691970.8652,3011507.3505
1.64.G.DBL,13691944.0913,3011507.3505
1.64.H.YEL,13691917.3178,3011507.3505
1.64.I.YEL,13691889.8395,3011507.3505
1.64.J.YEL,13691862.3612,3011507.3505
1.64.K.YEL,13691834.8829,3011507.3505
1.64.L.YEL,13691810.7707,3011507.3505
1.65.A.YEL,13692101.5244,3011527.3505
1.65.B.LBL,13692080.7784,3011527.3505
1.65.C.YEL,13692053.3001,3011527.3505
1.65.D.YEL,13692025.8218,3011527.3505
1.65.E.YEL,13691998.3435,3011527.3505
1.65.F.YEL,13691970.8652,3011527.3505
1.65.G.DBL,13691944.0913,3011527.3505
1.65.H.YEL,13691917.3178,3011527.3505
1.65.I.YEL,13691889.8395,3011527.3505
1.65.J.YEL,13691862.3612,3011527.3505
1.65.K.YEL,13691834.8829,3011527.3505
1.65.L.YEL,13691810.7707,3011527.3505
1.66.A.YEL,13692101.5244,3011547.3505
1.66.B.YEL,13692080.7784,3011547.3505
1.66.C.YEL,13692053.3001,3011547.3505
1.66.D.YEL,13692025.8218,3011547.3505
1.66.E.YEL,13691998.3435,3011547.3505
1.66.F.YEL,13691970.8652,3011547.3505
1.66.G.DBL,13691944.0913,3011547.3505
1.66.H.YEL,13691917.3178,3011547.3505
1.66.I.YEL,13691889.8395,3011547.3505
1.66.J.YEL,13691862.3612,3011547.3505
1.66.K.YEL,13691834.8829,3011547.3505
1.66.L.YEL,13691810.7707,3011547.3505
1.67.A.LBL,13692101.5244,3011567.3504
1.67.B.YEL,13692080.7784,3011567.3504
1.67.C.YEL,13692053.3001,3011567.3504
1.67.D.LBL,13692025.8218,3011567.3504
1.67.E.YEL,13691998.3435,3011567.3504
1.67.F.YEL,13691970.8652,3011567.3504
1.67.G.DBL,13691944.0913,3011567.3504
1.67.H.YEL,13691917.3178,3011567.3504
1.67.I.YEL,13691889.8395,3011567.3504
1.67.J.YEL,13691862.3612,3011567.3504
1.67.K.YEL,13691834.8829,3011567.3504
1.67.L.YEL,13691810.7707,3011567.3504
1.68.A.LBL,13692101.5244,3011587.3504
1.68.B.LBL,13692080.7784,3011587.3504
1.68.C.YEL,13692053.3001,3011587.3504
1.68.D.LBL,13692025.8218,3011587.3504
1.68.E.LBL,13691998.3435,3011587.3504
1.68.F.LBL,13691970.8652,3011587.3504
1.68.G.DBL,13691944.0913,3011587.3504
1.68.H.YEL,13691917.3178,3011587.3504
1.68.I.YEL,13691889.8395,3011587.3504
1.68.J.YEL,13691862.3612,3011587.3504
1.68.K.YEL,13691834.8829,3011587.3504
1.68.L.LBL,13691810.7707,3011587.3504
1.69.A.YEL,13692101.5244,3011607.3507
1.69.B.LBL,13692080.7784,3011607.3507
1.69.C.YEL,13692053.3001,3011607.3507
1.69.D.YEL,13692025.8218,3011607.3507
1.69.E.LBL,13691998.3435,3011607.3507
1.69.F.LBL,13691970.8652,3011607.3507
1.69.G.DBL,13691944.0913,3011607.3507
1.69.H.YEL,13691917.3178,3011607.3507
1.69.I.YEL,13691889.8395,3011607.3507
1.69.J.YEL,13691862.3612,3011607.3507
1.69.K.YEL,13691834.8829,3011607.3507
1.69.L.YEL,13691810.7707,3011607.3507
1.70.A.YEL,13692101.5244,3011627.3506
1.70.B.YEL,13692080.7784,3011627.3506
1.70.C.ORA,13692053.3001,3011627.3506
1.70.D.YEL,13692025.8218,3011627.3506
1.70.E.YEL,13691998.3435,3011627.3506
1.70.F.LBL,13691970.8652,3011627.3506
1.70.G.DBL,13691944.0913,3011627.3506
1.70.H.YEL,13691917.3178,3011627.3506
1.70.I.YEL,13691889.8395,3011627.3506
1.70.J.YEL,13691862.3612,3011627.3506
1.70.K.YEL,13691834.8829,3011627.3506
1.70.L.YEL,13691810.7707,3011627.3506
1.71.A.YEL,13692101.5244,3011647.3506
1.71.B.LBL,13692080.7784,3011647.3506
1.71.C.YEL,13692053.3001,3011647.3506
1.71.D.LBL,13692025.8218,3011647.3506
1.71.E.YEL,13691998.3435,3011647.3506
1.71.F.YEL,13691970.8652,3011647.3506
1.71.G.DBL,13691944.0913,3011647.3506
1.71.H.YEL,13691917.3178,3011647.3506
1.71.I.YEL,13691889.8395,3011647.3506
1.71.J.YEL,13691862.3612,3011647.3506
1.71.K.YEL,13691834.8829,3011647.3506
1.71.L.YEL,13691810.7707,3011647.3506
1.72.A.LBL,13692101.5244,3011667.3505
1.72.B.LBL,13692080.7784,3011667.3505
1.72.C.LBL,13692053.3001,3011667.3505
1.72.D.LBL,13692025.8218,3011667.3505
1.72.E.LBL,13691998.3435,3011667.3505
1.72.F.YEL,13691970.8652,3011667.3505
1.72.G.DBL,13691944.0913,3011667.3505
1.72.H.LBL,13691917.3178,3011667.3505
1.72.I.LBL,13691889.8395,3011667.3505
1.72.J.YEL,13691862.3612,3011667.3505
1.72.K.YEL,13691834.8829,3011667.3505
1.72.L.YEL,13691810.7707,3011667.3505
1.73.A.LBL,13692101.5244,3011687.3505
1.73.B.LBL,13692080.7784,3011687.3505
1.73.C.LBL,13692053.3001,3011687.3505
1.73.D.LBL,13692025.8218,3011687.3505
1.73.E.ORA,13691998.3435,3011687.3505
1.73.F.YEL,13691970.8652,3011687.3505
1.73.G.DBL,13691944.0913,3011687.3505
1.73.H.LBL,13691917.3178,3011687.3505
1.73.I.LBL,13691889.8395,3011687.3505
1.73.J.LBL,13691862.3612,3011687.3505
1.73.K.LBL,13691834.8829,3011687.3505
1.73.L.LBL,13691810.7707,3011687.3505
1.74.A.LBL,13692101.5244,3011707.3505
1.74.B.LBL,13692080.7784,3011707.3505
1.74.C.LBL,13692053.3001,3011707.3505
1.74.D.LBL,13692025.8218,3011707.3505
1.74.E.LBL,13691998.3435,3011707.3505
1.74.F.ORA,13691970.8652,3011707.3505
1.74.G.DBL,13691944.0913,3011707.3505
1.74.H.LBL,13691917.3178,3011707.3505
1.74.I.LBL,13691889.8395,3011707.3505
1.74.J.LBL,13691862.3612,3011707.3505
1.74.K.LBL,13691834.8829,3011707.3505
1.74.L.LBL,13691810.7707,3011707.3505
1.75.A.LBL,13692101.5244,3011727.3504
1.75.B.LBL,13692080.7784,3011727.3504
1.75.C.LBL,13692053.3001,3011727.3504
1.75.D.LBL,13692025.8218,3011727.3504
1.75.E.LBL,13691998.3435,3011727.3504
1.75.F.LBL,13691970.8652,3011727.3504
1.75.G.PNK,13691944.0913,3011727.3504
1.75.H.YEL,13691917.3178,3011727.3504
1.75.I.LBL,13691889.8395,3011727.3504
1.75.J.LBL,13691862.3612,3011727.3504
1.75.K.LBL,13691834.8829,3011727.3504
1.75.L.YEL,13691810.7707,3011727.3504
1.76.A.LBL,13692101.5244,3011747.3504
1.76.B.LBL,13692080.7784,3011747.3504
1.76.C.LBL,13692053.3001,3011747.3504
1.76.D.LBL,13692025.8218,3011747.3504
1.76.E.LBL,13691998.3435,3011747.3504
1.76.F.LBL,13691970.8652,3011747.3504
1.76.G.PNK,13691944.0913,3011747.3504
1.76.H.YEL,13691917.3178,3011747.3504
1.76.I.YEL,13691889.8395,3011747.3504
1.76.J.LBL,13691862.3612,3011747.3504
1.76.K.LBL,13691834.8829,3011747.3504
1.76.L.YEL,13691810.7707,3011747.3504
1.77.A.LBL,13692101.5244,3011767.3507
1.77.B.LBL,13692080.7784,3011767.3507
1.77.C.LBL,13692053.3001,3011767.3507
1.77.D.LBL,13692025.8218,3011767.3507
1.77.E.LBL,13691998.3435,3011767.3507
1.77.F.LBL,13691970.8652,3011767.3507
1.77.G.DBL,13691944.0913,3011767.3507
1.77.H.ORA,13691917.3178,3011767.3507
1.77.I.YEL,13691889.8395,3011767.3507
1.77.J.LBL,13691862.3612,3011767.3507
1.77.K.LBL,13691834.8829,3011767.3507
1.77.L.LBL,13691810.7707,3011767.3507
1.78.A.LBL,13692101.5244,3011787.3506
1.78.B.LBL,13692080.7784,3011787.3506
1.78.C.LBL,13692053.3001,3011787.3506
1.78.D.LBL,13692025.8218,3011787.3506
1.78.E.LBL,13691998.3435,3011787.3506
1.78.F.LBL,13691970.8652,3011787.3506
1.78.G.DBL,13691944.0913,3011787.3506
1.78.H.LBL,13691917.3178,3011787.3506
1.78.I.LBL,13691889.8395,3011787.3506
1.78.J.YEL,13691862.3612,3011787.3506
1.78.K.LBL,13691834.8829,3011787.3506
1.78.L.LBL,13691810.7707,3011787.3506
1.79.A.LBL,13692101.5244,3011807.3506
1.79.B.LBL,13692080.7784,3011807.3506
1.79.C.LBL,13692053.3001,3011807.3506
1.79.D.LBL,13692025.8218,3011807.3506
1.79.E.LBL,13691998.3435,3011807.3506
1.79.F.LBL,13691970.8652,3011807.3506
1.79.G.DBL,13691944.0913,3011807.3506
1.79.H.LBL,13691917.3178,3011807.3506
1.79.I.LBL,13691889.8395,3011807.3506
1.79.J.LBL,13691862.3612,3011807.3506
1.79.K.YEL,13691834.8829,3011807.3506
1.79.L.YEL,13691810.7707,3011807.3506
1.80.A.LBL,13692101.5244,3011827.3505
1.80.B.LBL,13692080.7784,3011827.3505
1.80.C.LBL,13692053.3001,3011827.3505
1.80.D.LBL,13692025.8218,3011827.3505
1.80.E.LBL,13691998.3435,3011827.3505
1.80.F.LBL,13691970.8652,3011827.3505
1.80.G.DBL,13691944.0913,3011827.3505
1.80.H.LBL,13691917.3178,3011827.3505
1.80.I.LBL,13691889.8395,3011827.3505
1.80.J.ORA,13691862.3612,3011827.3505
1.80.K.YEL,13691834.8829,3011827.3505
1.80.L.YEL,13691810.7707,3011827.3505
1.81.A.LBL,13692101.5244,3011847.3505
1.81.B.LBL,13692080.7784,3011847.3505
1.81.C.LBL,13692053.3001,3011847.3505
1.81.D.LBL,13692025.8218,3011847.3505
1.81.E.LBL,13691998.3435,3011847.3505
1.81.F.LBL,13691970.8652,3011847.3505
1.81.G.PRP,13691944.0913,3011847.3505
1.81.H.LBL,13691917.3178,3011847.3505
1.81.I.LBL,13691889.8395,3011847.3505
1.81.J.LBL,13691862.3612,3011847.3505
1.81.K.ORA,13691834.8829,3011847.3505
1.81.L.YEL,13691810.7707,3011847.3505
2.18.A.WHT,13691782.2629,3010580.6870
2.18.B.WHT,13691761.5166,3010580.6870
2.18.C.WHT,13691734.0383,3010580.6870
2.18.D.WHT,13691706.5600,3010580.6870
2.18.E.WHT,13691679.0817,3010580.6870
2.18.F.WHT,13691651.6034,3010580.6870
2.18.G.PRP,13691624.8298,3010580.6870
2.18.H.RED,13691598.0560,3010580.6870
2.18.I.RED,13691570.5777,3010580.6870
2.18.J.RED,13691543.0994,3010580.6870
2.18.K.RED,13691515.6211,3010580.6870
2.18.L.RED,13691491.5089,3010580.6870
2.19.A.WHT,13691782.2629,3010600.6870
2.19.B.WHT,13691761.5166,3010600.6870
2.19.C.WHT,13691734.0383,3010600.6870
2.19.D.WHT,13691706.5600,3010600.6870
2.19.E.WHT,13691679.0817,3010600.6870
2.19.F.WHT,13691651.6034,3010600.6870
2.19.G.BRO,13691624.8298,3010600.6870
2.19.H.WHT,13691598.0560,3010600.6870
2.19.I.RED,13691570.5777,3010600.6870
2.19.J.WHT,13691543.0994,3010600.6870
2.19.K.RED,13691515.6211,3010600.6870
2.19.L.RED,13691491.5089,3010600.6870
2.20.A.LBL,13691782.2629,3010620.6869
2.20.B.LBL,13691761.5166,3010620.6869
2.20.C.LBL,13691734.0383,3010620.6869
2.20.D.LBL,13691706.5600,3010620.6869
2.20.E.LBL,13691679.0817,3010620.6869
2.20.F.LBL,13691651.6034,3010620.6869
2.20.G.DBL,13691624.8298,3010620.6869
2.20.H.LBL,13691598.0560,3010620.6869
2.20.I.YEL,13691570.5777,3010620.6869
2.20.J.YEL,13691543.0994,3010620.6869
2.20.K.LGR,13691515.6211,3010620.6869
2.20.L.YEL,13691491.5089,3010620.6869
2.21.A.LBL,13691782.2629,3010640.6872
2.21.B.LBL,13691761.5166,3010640.6872
2.21.C.LBL,13691734.0383,3010640.6872
2.21.D.LBL,13691706.5600,3010640.6872
2.21.E.LBL,13691679.0817,3010640.6872
2.21.F.LBL,13691651.6034,3010640.6872
2.21.G.DBL,13691624.8298,3010640.6872
2.21.H.LBL,13691598.0560,3010640.6872
2.21.I.YEL,13691570.5777,3010640.6872
2.21.J.YEL,13691543.0994,3010640.6872
2.21.K.LGR,13691515.6211,3010640.6872
2.21.L.YEL,13691491.5089,3010640.6872
2.22.A.LBL,13691782.2629,3010660.6872
2.22.B.LBL,13691761.5166,3010660.6872
2.22.C.LBL,13691734.0383,3010660.6872
2.22.D.LBL,13691706.5600,3010660.6872
2.22.E.LBL,13691679.0817,3010660.6872
2.22.F.LBL,13691651.6034,3010660.6872
2.22.G.DBL,13691624.8298,3010660.6872
2.22.H.LBL,13691598.0560,3010660.6872
2.22.I.YEL,13691570.5777,3010660.6872
2.22.J.YEL,13691543.0994,3010660.6872
2.22.K.LGR,13691515.6211,3010660.6872
2.22.L.YEL,13691491.5089,3010660.6872
2.23.A.LBL,13691782.2629,3010680.6872
2.23.B.LBL,13691761.5166,3010680.6872
2.23.C.LBL,13691734.0383,3010680.6872
2.23.D.LBL,13691706.5600,3010680.6872
2.23.E.LBL,13691679.0817,3010680.6872
2.23.F.LBL,13691651.6034,3010680.6872
2.23.G.DBL,13691624.8298,3010680.6872
2.23.H.LBL,13691598.0560,3010680.6872
2.23.I.YEL,13691570.5777,3010680.6872
2.23.J.YEL,13691543.0994,3010680.6872
2.23.K.LGR,13691515.6211,3010680.6872
2.23.L.YEL,13691491.5089,3010680.6872
2.24.A.LBL,13691782.2629,3010700.6871
2.24.B.LBL,13691761.5166,3010700.6871
2.24.C.LBL,13691734.0383,3010700.6871
2.24.D.LBL,13691706.5600,3010700.6871
2.24.E.LBL,13691679.0817,3010700.6871
2.24.F.LBL,13691651.6034,3010700.6871
2.24.G.DBL,13691624.8298,3010700.6871
2.24.H.LBL,13691598.0560,3010700.6871
2.24.I.LBL,13691570.5777,3010700.6871
2.24.J.YEL,13691543.0994,3010700.6871
2.24.K.LGR,13691515.6211,3010700.6871
2.24.L.YEL,13691491.5089,3010700.6871
2.25.A.LBL,13691782.2629,3010720.6871
2.25.B.LBL,13691761.5166,3010720.6871
2.25.C.LBL,13691734.0383,3010720.6871
2.25.D.LBL,13691706.5600,3010720.6871
2.25.E.LBL,13691679.0817,3010720.6871
2.25.F.LBL,13691651.6034,3010720.6871
2.25.G.DBL,13691624.8298,3010720.6871
2.25.H.LBL,13691598.0560,3010720.6871
2.25.I.LBL,13691570.5777,3010720.6871
2.25.J.YEL,13691543.0994,3010720.6871
2.25.K.LGR,13691515.6211,3010720.6871
2.25.L.YEL,13691491.5089,3010720.6871
2.26.A.ORA,13691782.2629,3010740.6870
2.26.B.LBL,13691761.5166,3010740.6870
2.26.C.LBL,13691734.0383,3010740.6870
2.26.D.LBL,13691706.5600,3010740.6870
2.26.E.LBL,13691679.0817,3010740.6870
2.26.F.LBL,13691651.6034,3010740.6870
2.26.G.DBL,13691624.8298,3010740.6870
2.26.H.LBL,13691598.0560,3010740.6870
2.26.I.LBL,13691570.5777,3010740.6870
2.26.J.YEL,13691543.0994,3010740.6870
2.26.K.LGR,13691515.6211,3010740.6870
2.26.L.YEL,13691491.5089,3010740.6870
2.27.A.ORA,13691782.2629,3010760.6870
2.27.B.ORA,13691761.5166,3010760.6870
2.27.C.LBL,13691734.0383,3010760.6870
2.27.D.LBL,13691706.5600,3010760.6870
2.27.E.LBL,13691679.0817,3010760.6870
2.27.F.LBL,13691651.6034,3010760.6870
2.27.G.DBL,13691624.8298,3010760.6870
2.27.H.LBL,13691598.0560,3010760.6870
2.27.I.LBL,13691570.5777,3010760.6870
2.27.J.YEL,13691543.0994,3010760.6870
2.27.K.LGR,13691515.6211,3010760.6870
2.27.L.YEL,13691491.5089,3010760.6870
2.28.A.ORA,13691782.2629,3010780.6870
2.28.B.ORA,13691761.5166,3010780.6870
2.28.C.LBL,13691734.0383,3010780.6870
2.28.D.LBL,13691706.5600,3010780.6870
2.28.E.LBL,13691679.0817,3010780.6870
2.28.F.LBL,13691651.6034,3010780.6870
2.28.G.DBL,13691624.8298,3010780.6870
2.28.H.LBL,13691598.0560,3010780.6870
2.28.I.LBL,13691570.5777,3010780.6870
2.28.J.LBL,13691543.0994,3010780.6870
2.28.K.LGR,13691515.6211,3010780.6870
2.28.L.YEL,13691491.5089,3010780.6870
2.29.A.LBL,13691782.2629,3010800.6872
2.29.B.LBL,13691761.5166,3010800.6872
2.29.C.LBL,13691734.0383,3010800.6872
2.29.D.LBL,13691706.5600,3010800.6872
2.29.E.LBL,13691679.0817,3010800.6872
2.29.F.LBL,13691651.6034,3010800.6872
2.29.G.DBL,13691624.8298,3010800.6872
2.29.H.LBL,13691598.0560,3010800.6872
2.29.I.LBL,13691570.5777,3010800.6872
2.29.J.LBL,13691543.0994,3010800.6872
2.29.K.LGR,13691515.6211,3010800.6872
2.29.L.YEL,13691491.5089,3010800.6872
2.30.A.LBL,13691782.2629,3010820.6872
2.30.B.LBL,13691761.5166,3010820.6872
2.30.C.LBL,13691734.0383,3010820.6872
2.30.D.LBL,13691706.5600,3010820.6872
2.30.E.LBL,13691679.0817,3010820.6872
2.30.F.LBL,13691651.6034,3010820.6872
2.30.G.DBL,13691624.8298,3010820.6872
2.30.H.LBL,13691598.0560,3010820.6872
2.30.I.LBL,13691570.5777,3010820.6872
2.30.J.YEL,13691543.0994,3010820.6872
2.30.K.LGR,13691515.6211,3010820.6872
2.30.L.YEL,13691491.5089,3010820.6872
2.31.A.ORA,13691782.2629,3010840.6872
2.31.B.LBL,13691761.5166,3010840.6872
2.31.C.LBL,13691734.0383,3010840.6872
2.31.D.LBL,13691706.5600,3010840.6872
2.31.E.LBL,13691679.0817,3010840.6872
2.31.F.LBL,13691651.6034,3010840.6872
2.31.G.DBL,13691624.8298,3010840.6872
2.31.H.LBL,13691598.0560,3010840.6872
2.31.I.LBL,13691570.5777,3010840.6872
2.31.J.LBL,13691543.0994,3010840.6872
2.31.K.LGR,13691515.6211,3010840.6872
2.31.L.YEL,13691491.5089,3010840.6872
2.32.A.LBL,13691782.2629,3010860.6871
2.32.B.LBL,13691761.5166,3010860.6871
2.32.C.LBL,13691734.0383,3010860.6871
2.32.D.LBL,13691706.5600,3010860.6871
2.32.E.LBL,13691679.0817,3010860.6871
2.32.F.LBL,13691651.6034,3010860.6871
2.32.G.DBL,13691624.8298,3010860.6871
2.32.H.LBL,13691598.0560,3010860.6871
2.32.I.LBL,13691570.5777,3010860.6871
2.32.J.YEL,13691543.0994,3010860.6871
2.32.K.LGR,13691515.6211,3010860.6871
2.32.L.YEL,13691491.5089,3010860.6871
2.33.A.LBL,13691782.2629,3010880.6871
2.33.B.LBL,13691761.5166,3010880.6871
2.33.C.LBL,13691734.0383,3010880.6871
2.33.D.LBL,13691706.5600,3010880.6871
2.33.E.LBL,13691679.0817,3010880.6871
2.33.F.LBL,13691651.6034,3010880.6871
2.33.G.DBL,13691624.8298,3010880.6871
2.33.H.YEL,13691598.0560,3010880.6871
2.33.I.YEL,13691570.5777,3010880.6871
2.33.J.YEL,13691543.0994,3010880.6871
2.33.K.LGR,13691515.6211,3010880.6871
2.33.L.YEL,13691491.5089,3010880.6871
2.34.A.LBL,13691782.2629,3010900.6870
2.34.B.LBL,13691761.5166,3010900.6870
2.34.C.LBL,13691734.0383,3010900.6870
2.34.D.LBL,13691706.5600,3010900.6870
2.34.E.LBL,13691679.0817,3010900.6870
2.34.F.LBL,13691651.6034,3010900.6870
2.34.G.DBL,13691624.8298,3010900.6870
2.34.H.YEL,13691598.0560,3010900.6870
2.34.I.YEL,13691570.5777,3010900.6870
2.34.J.YEL,13691543.0994,3010900.6870
2.34.K.LGR,13691515.6211,3010900.6870
2.34.L.YEL,13691491.5089,3010900.6870
2.35.A.LBL,13691782.2629,3010920.6870
2.35.B.LBL,13691761.5166,3010920.6870
2.35.C.LBL,13691734.0383,3010920.6870
2.35.D.LBL,13691706.5600,3010920.6870
2.35.E.LBL,13691679.0817,3010920.6870
2.35.F.LBL,13691651.6034,3010920.6870
2.35.G.DBL,13691624.8298,3010920.6870
2.35.H.YEL,13691598.0560,3010920.6870
2.35.I.YEL,13691570.5777,3010920.6870
2.35.J.YEL,13691543.0994,3010920.6870
2.35.K.LGR,13691515.6211,3010920.6870
2.35.L.YEL,13691491.5089,3010920.6870
2.36.A.LBL,13691782.2629,3010940.6870
2.36.B.LBL,13691761.5166,3010940.6870
2.36.C.LBL,13691734.0383,3010940.6870
2.36.D.LBL,13691706.5600,3010940.6870
2.36.E.LBL,13691679.0817,3010940.6870
2.36.F.LBL,13691651.6034,3010940.6870
2.36.G.DBL,13691624.8298,3010940.6870
2.36.H.LBL,13691598.0560,3010940.6870
2.36.I.YEL,13691570.5777,3010940.6870
2.36.J.YEL,13691543.0994,3010940.6870
2.36.K.LGR,13691515.6211,3010940.6870
2.36.L.YEL,13691491.5089,3010940.6870
2.37.A.ORA,13691782.2629,3010960.6873
2.37.B.LBL,13691761.5166,3010960.6873
2.37.C.LBL,13691734.0383,3010960.6873
2.37.D.LBL,13691706.5600,3010960.6873
2.37.E.LBL,13691679.0817,3010960.6873
2.37.F.LBL,13691651.6034,3010960.6873
2.37.G.DBL,13691624.8298,3010960.6873
2.37.H.LBL,13691598.0560,3010960.6873
2.37.I.LBL,13691570.5777,3010960.6873
2.37.J.YEL,13691543.0994,3010960.6873
2.37.K.LGR,13691515.6211,3010960.6873
2.37.L.YEL,13691491.5089,3010960.6873
2.38.A.LBL,13691782.2629,3010980.6872
2.38.B.LBL,13691761.5166,3010980.6872
2.38.C.LBL,13691734.0383,3010980.6872
2.38.D.LBL,13691706.5600,3010980.6872
2.38.E.LBL,13691679.0817,3010980.6872
2.38.F.LBL,13691651.6034,3010980.6872
2.38.G.DBL,13691624.8298,3010980.6872
2.38.H.LBL,13691598.0560,3010980.6872
2.38.I.LBL,13691570.5777,3010980.6872
2.38.J.YEL,13691543.0994,3010980.6872
2.38.K.LGR,13691515.6211,3010980.6872
2.38.L.YEL,13691491.5089,3010980.6872
2.39.A.LBL,13691782.2629,3011000.6872
2.39.B.LBL,13691761.5166,3011000.6872
2.39.C.LBL,13691734.0383,3011000.6872
2.39.D.LBL,13691706.5600,3011000.6872
2.39.E.LBL,13691679.0817,3011000.6872
2.39.F.LBL,13691651.6034,3011000.6872
2.39.G.DBL,13691624.8298,3011000.6872
2.39.H.YEL,13691598.0560,3011000.6872
2.39.I.YEL,13691570.5777,3011000.6872
2.39.J.YEL,13691543.0994,3011000.6872
2.39.K.LGR,13691515.6211,3011000.6872
2.39.L.YEL,13691491.5089,3011000.6872
2.40.A.LBL,13691782.2629,3011020.6871
2.40.B.LBL,13691761.5166,3011020.6871
2.40.C.LBL,13691734.0383,3011020.6871
2.40.D.LBL,13691706.5600,3011020.6871
2.40.E.LBL,13691679.0817,3011020.6871
2.40.F.LBL,13691651.6034,3011020.6871
2.40.G.DBL,13691624.8298,3011020.6871
2.40.H.YEL,13691598.0560,3011020.6871
2.40.I.YEL,13691570.5777,3011020.6871
2.40.J.YEL,13691543.0994,3011020.6871
2.40.K.YEL,13691515.6211,3011020.6871
2.40.L.YEL,13691491.5089,3011020.6871
2.41.A.LBL,13691782.2629,3011040.6871
2.41.B.LBL,13691761.5166,3011040.6871
2.41.C.LBL,13691734.0383,3011040.6871
2.41.D.LBL,13691706.5600,3011040.6871
2.41.E.LBL,13691679.0817,3011040.6871
2.41.F.LBL,13691651.6034,3011040.6871
2.41.G.DBL,13691624.8298,3011040.6871
2.41.H.YEL,13691598.0560,3011040.6871
2.41.I.YEL,13691570.5777,3011040.6871
2.41.J.YEL,13691543.0994,3011040.6871
2.41.K.YEL,13691515.6211,3011040.6871
2.41.L.YEL,13691491.5089,3011040.6871
2.42.A.LBL,13691782.2629,3011060.6871
2.42.B.LBL,13691761.5166,3011060.6871
2.42.C.LBL,13691734.0383,3011060.6871
2.42.D.LBL,13691706.5600,3011060.6871
2.42.E.LBL,13691679.0817,3011060.6871
2.42.F.YEL,13691651.6034,3011060.6871
2.42.G.DBL,13691624.8298,3011060.6871
2.42.H.YEL,13691598.0560,3011060.6871
2.42.I.YEL,13691570.5777,3011060.6871
2.42.J.YEL,13691543.0994,3011060.6871
2.42.K.YEL,13691515.6211,3011060.6871
2.42.L.YEL,13691491.5089,3011060.6871
2.43.A.LBL,13691782.2629,3011080.6870
2.43.B.LBL,13691761.5166,3011080.6870
2.43.C.LBL,13691734.0383,3011080.6870
2.43.D.LBL,13691706.5600,3011080.6870
2.43.E.LBL,13691679.0817,3011080.6870
2.43.F.YEL,13691651.6034,3011080.6870
2.43.G.DBL,13691624.8298,3011080.6870
2.43.H.YEL,13691598.0560,3011080.6870
2.43.I.YEL,13691570.5777,3011080.6870
2.43.J.YEL,13691543.0994,3011080.6870
2.43.K.YEL,13691515.6211,3011080.6870
2.43.L.YEL,13691491.5089,3011080.6870
2.44.A.LBL,13691782.2629,3011100.6870
2.44.B.LBL,13691761.5166,3011100.6870
2.44.C.LBL,13691734.0383,3011100.6870
2.44.D.LBL,13691706.5600,3011100.6870
2.44.E.YEL,13691679.0817,3011100.6870
2.44.F.YEL,13691651.6034,3011100.6870
2.44.G.DBL,13691624.8298,3011100.6870
2.44.H.YEL,13691598.0560,3011100.6870
2.44.I.YEL,13691570.5777,3011100.6870
2.44.J.YEL,13691543.0994,3011100.6870
2.44.K.YEL,13691515.6211,3011100.6870
2.44.L.YEL,13691491.5089,3011100.6870
2.45.A.LBL,13691782.2629,3011120.6873
2.45.B.LBL,13691761.5166,3011120.6873
2.45.C.LBL,13691734.0383,3011120.6873
2.45.D.LBL,13691706.5600,3011120.6873
2.45.E.LBL,13691679.0817,3011120.6873
2.45.F.YEL,13691651.6034,3011120.6873
2.45.G.DBL,13691624.8298,3011120.6873
2.45.H.YEL,13691598.0560,3011120.6873
2.45.I.YEL,13691570.5777,3011120.6873
2.45.J.YEL,13691543.0994,3011120.6873
2.45.K.YEL,13691515.6211,3011120.6873
2.45.L.YEL,13691491.5089,3011120.6873
2.46.A.LBL,13691782.2629,3011140.6872
2.46.B.LBL,13691761.5166,3011140.6872
2.46.C.LBL,13691734.0383,3011140.6872
2.46.D.LBL,13691706.5600,3011140.6872
2.46.E.LBL,13691679.0817,3011140.6872
2.46.F.YEL,13691651.6034,3011140.6872
2.46.G.DBL,13691624.8298,3011140.6872
2.46.H.YEL,13691598.0560,3011140.6872
2.46.I.YEL,13691570.5777,3011140.6872
2.46.J.YEL,13691543.0994,3011140.6872
2.46.K.YEL,13691515.6211,3011140.6872
2.46.L.YEL,13691491.5089,3011140.6872
2.47.A.LBL,13691782.2629,3011160.6872
2.47.B.LBL,13691761.5166,3011160.6872
2.47.C.LBL,13691734.0383,3011160.6872
2.47.D.LBL,13691706.5600,3011160.6872
2.47.E.LBL,13691679.0817,3011160.6872
2.47.F.YEL,13691651.6034,3011160.6872
2.47.G.DBL,13691624.8298,3011160.6872
2.47.H.YEL,13691598.0560,3011160.6872
2.47.I.YEL,13691570.5777,3011160.6872
2.47.J.YEL,13691543.0994,3011160.6872
2.47.K.YEL,13691515.6211,3011160.6872
2.47.L.YEL,13691491.5089,3011160.6872
2.48.A.WHT,13691782.2629,3011180.6871
2.48.B.WHT,13691761.5166,3011180.6871
2.48.C.WHT,13691734.0383,3011180.6871
2.48.D.RED,13691706.5600,3011180.6871
2.48.E.RED,13691679.0817,3011180.6871
2.48.F.RED,13691651.6034,3011180.6871
2.48.G.BRO,13691624.8298,3011180.6871
2.48.H.YEL,13691598.0560,3011180.6871
2.48.I.YEL,13691570.5777,3011180.6871
2.48.J.YEL,13691543.0994,3011180.6871
2.48.K.YEL,13691515.6211,3011180.6871
2.48.L.YEL,13691491.5089,3011180.6871
2.49.A.WHT,13691782.2629,3011200.6871
2.49.B.WHT,13691761.5166,3011200.6871
2.49.C.RED,13691734.0383,3011200.6871
2.49.D.RED,13691706.5600,3011200.6871
2.49.E.RED,13691679.0817,3011200.6871
2.49.F.RED,13691651.6034,3011200.6871
2.49.G.BRO,13691624.8298,3011200.6871
2.49.H.YEL,13691598.0560,3011200.6871
2.49.I.YEL,13691570.5777,3011200.6871
2.49.J.YEL,13691543.0994,3011200.6871
2.49.K.YEL,13691515.6211,3011200.6871
2.49.L.YEL,13691491.5089,3011200.6871
2.50.D1.YEL,13691689.7293,3011220.6871
2.50.E1.LGR,13691668.9833,3011220.6871
2.50.F1.YEL,13691648.2373,3011220.6871
2.50.G.DBL,13691624.8298,3011220.6871
2.50.H.YEL,13691598.0560,3011220.6871
2.50.I.YEL,13691570.5777,3011220.6871
2.50.J.YEL,13691543.0994,3011220.6871
2.50.K.YEL,13691515.6211,3011220.6871
2.50.L.YEL,13691491.5089,3011220.6871
2.51.D1.YEL,13691689.7293,3011240.6870
2.51.E1.LGR,13691668.9833,3011240.6870
2.51.F1.YEL,13691648.2373,3011240.6870
2.51.G.DBL,13691624.8298,3011240.6870
2.51.H.YEL,13691598.0560,3011240.6870
2.51.I.YEL,13691570.5777,3011240.6870
2.51.J.YEL,13691543.0994,3011240.6870
2.51.K.YEL,13691515.6211,3011240.6870
2.51.L.YEL,13691491.5089,3011240.6870
2.52.D1.LBL,13691689.7293,3011260.6870
2.52.E1.LGR,13691668.9833,3011260.6870
2.52.F1.LBL,13691648.2373,3011260.6870
2.52.G.PRP,13691624.8298,3011260.6870
2.52.H.LBL,13691598.0560,3011260.6870
2.52.I.LBL,13691570.5777,3011260.6870
2.52.J.LBL,13691543.0994,3011260.6870
2.52.K.YEL,13691515.6211,3011260.6870
2.52.L.YEL,13691491.5089,3011260.6870
2.53.A.RED,13691782.2629,3011287.3506
2.53.B.RED,13691761.5166,3011287.3506
2.53.C.RED,13691734.0383,3011287.3506
2.53.D.WHT,13691706.5600,3011287.3506
2.53.E.RED,13691679.0817,3011287.3506
2.53.F.RED,13691651.6034,3011287.3506
2.53.G.PRP,13691624.8298,3011287.3506
2.53.H.LBL,13691598.0560,3011287.3506
2.53.I.LBL,13691570.5777,3011287.3506
2.53.J.LBL,13691543.0994,3011287.3506
2.53.K.LBL,13691515.6211,3011287.3506
2.53.L.LBL,13691491.5089,3011287.3506
2.54.A.RED,13691782.2629,3011307.3506
2.54.B.RED,13691761.5166,3011307.3506
2.54.C.RED,13691734.0383,3011307.3506
2.54.D.RED,13691706.5600,3011307.3506
2.54.E.RED,13691679.0817,3011307.3506
2.54.F.RED,13691651.6034,3011307.3506
2.54.G.BRO,13691624.8298,3011307.3506
2.54.H.YEL,13691598.0560,3011307.3506
2.54.I.YEL,13691570.5777,3011307.3506
2.54.J.YEL,13691543.0994,3011307.3506
2.54.K.YEL,13691515.6211,3011307.3506
2.54.L.YEL,13691491.5089,3011307.3506
2.55.A.YEL,13691782.2629,3011327.3506
2.55.B.YEL,13691761.5166,3011327.3506
2.55.C.YEL,13691734.0383,3011327.3506
2.55.D.YEL,13691706.5600,3011327.3506
2.55.E.YEL,13691679.0817,3011327.3506
2.55.F.YEL,13691651.6034,3011327.3506
2.55.G.DBL,13691624.8298,3011327.3506
2.55.H.YEL,13691598.0560,3011327.3506
2.55.I.YEL,13691570.5777,3011327.3506
2.55.J.YEL,13691543.0994,3011327.3506
2.55.K.YEL,13691515.6211,3011327.3506
2.55.L.YEL,13691491.5089,3011327.3506
2.56.A.YEL,13691782.2629,3011347.3505
2.56.B.YEL,13691761.5166,3011347.3505
2.56.C.YEL,13691734.0383,3011347.3505
2.56.D.YEL,13691706.5600,3011347.3505
2.56.E.YEL,13691679.0817,3011347.3505
2.56.F.YEL,13691651.6034,3011347.3505
2.56.G.DBL,13691624.8298,3011347.3505
2.56.H.YEL,13691598.0560,3011347.3505
2.56.I.YEL,13691570.5777,3011347.3505
2.56.J.YEL,13691543.0994,3011347.3505
2.56.K.YEL,13691515.6211,3011347.3505
2.56.L.YEL,13691491.5089,3011347.3505
2.57.A.YEL,13691782.2629,3011367.3505
2.57.B.YEL,13691761.5166,3011367.3505
2.57.C.YEL,13691734.0383,3011367.3505
2.57.D.YEL,13691706.5600,3011367.3505
2.57.E.YEL,13691679.0817,3011367.3505
2.57.F.YEL,13691651.6034,3011367.3505
2.57.G.DBL,13691624.8298,3011367.3505
2.57.H.YEL,13691598.0560,3011367.3505
2.57.I.YEL,13691570.5777,3011367.3505
2.57.J.YEL,13691543.0994,3011367.3505
2.57.K.YEL,13691515.6211,3011367.3505
2.57.L.YEL,13691491.5089,3011367.3505
2.58.A.YEL,13691782.2629,3011387.3504
2.58.B.YEL,13691761.5166,3011387.3504
2.58.C.YEL,13691734.0383,3011387.3504
2.58.D.YEL,13691706.5600,3011387.3504
2.58.E.YEL,13691679.0817,3011387.3504
2.58.F.YEL,13691651.6034,3011387.3504
2.58.G.DBL,13691624.8298,3011387.3504
2.58.H.YEL,13691598.0560,3011387.3504
2.58.I.YEL,13691570.5777,3011387.3504
2.58.J.YEL,13691543.0994,3011387.3504
2.58.K.YEL,13691515.6211,3011387.3504
2.58.L.YEL,13691491.5089,3011387.3504
2.59.A.YEL,13691782.2629,3011407.3504
2.59.B.YEL,13691761.5166,3011407.3504
2.59.C.YEL,13691734.0383,3011407.3504
2.59.D.YEL,13691706.5600,3011407.3504
2.59.E.YEL,13691679.0817,3011407.3504
2.59.F.YEL,13691651.6034,3011407.3504
2.59.G.DBL,13691624.8298,3011407.3504
2.59.H.YEL,13691598.0560,3011407.3504
2.59.I.YEL,13691570.5777,3011407.3504
2.59.J.YEL,13691543.0994,3011407.3504
2.59.K.YEL,13691515.6211,3011407.3504
2.59.L.YEL,13691491.5089,3011407.3504
2.60.A.YEL,13691782.2629,3011427.3504
2.60.B.YEL,13691761.5166,3011427.3504
2.60.C.YEL,13691734.0383,3011427.3504
2.60.D.YEL,13691706.5600,3011427.3504
2.60.E.YEL,13691679.0817,3011427.3504
2.60.F.YEL,13691651.6034,3011427.3504
2.60.G.DBL,13691624.8298,3011427.3504
2.60.H.YEL,13691598.0560,3011427.3504
2.60.I.YEL,13691570.5777,3011427.3504
2.60.J.YEL,13691543.0994,3011427.3504
2.60.K.YEL,13691515.6211,3011427.3504
2.60.L.YEL,13691491.5089,3011427.3504
2.61.A.YEL,13691782.2629,3011447.3507
2.61.B.YEL,13691761.5166,3011447.3507
2.61.C.YEL,13691734.0383,3011447.3507
2.61.D.YEL,13691706.5600,3011447.3507
2.61.E.YEL,13691679.0817,3011447.3507
2.61.F.YEL,13691651.6034,3011447.3507
2.61.G.DBL,13691624.8298,3011447.3507
2.61.H.YEL,13691598.0560,3011447.3507
2.61.I.YEL,13691570.5777,3011447.3507
2.61.J.YEL,13691543.0994,3011447.3507
2.61.K.YEL,13691515.6211,3011447.3507
2.61.L.YEL,13691491.5089,3011447.3507
2.62.A.YEL,13691782.2629,3011467.3506
2.62.B.YEL,13691761.5166,3011467.3506
2.62.C.YEL,13691734.0383,3011467.3506
2.62.D.YEL,13691706.5600,3011467.3506
2.62.E.YEL,13691679.0817,3011467.3506
2.62.F.YEL,13691651.6034,3011467.3506
2.62.G.DBL,13691624.8298,3011467.3506
2.62.H.YEL,13691598.0560,3011467.3506
2.62.I.YEL,13691570.5777,3011467.3506
2.62.J.YEL,13691543.0994,3011467.3506
2.62.K.YEL,13691515.6211,3011467.3506
2.62.L.YEL,13691491.5089,3011467.3506
2.63.A.YEL,13691782.2629,3011487.3506
2.63.B.YEL,13691761.5166,3011487.3506
2.63.C.YEL,13691734.0383,3011487.3506
2.63.D.YEL,13691706.5600,3011487.3506
2.63.E.YEL,13691679.0817,3011487.3506
2.63.F.YEL,13691651.6034,3011487.3506
2.63.G.DBL,13691624.8298,3011487.3506
2.63.H.YEL,13691598.0560,3011487.3506
2.63.I.YEL,13691570.5777,3011487.3506
2.63.J.YEL,13691543.0994,3011487.3506
2.63.K.YEL,13691515.6211,3011487.3506
2.63.L.YEL,13691491.5089,3011487.3506
2.64.A.YEL,13691782.2629,3011507.3505
2.64.B.YEL,13691761.5166,3011507.3505
2.64.C.YEL,13691734.0383,3011507.3505
2.64.D.YEL,13691706.5600,3011507.3505
2.64.E.YEL,13691679.0817,3011507.3505
2.64.F.YEL,13691651.6034,3011507.3505
2.64.G.DBL,13691624.8298,3011507.3505
2.64.H.YEL,13691598.0560,3011507.3505
2.64.I.YEL,13691570.5777,3011507.3505
2.64.J.YEL,13691543.0994,3011507.3505
2.64.K.YEL,13691515.6211,3011507.3505
2.64.L.YEL,13691491.5089,3011507.3505
2.65.A.YEL,13691782.2629,3011527.3505
2.65.B.YEL,13691761.5166,3011527.3505
2.65.C.YEL,13691734.0383,3011527.3505
2.65.D.YEL,13691706.5600,3011527.3505
2.65.E.YEL,13691679.0817,3011527.3505
2.65.F.YEL,13691651.6034,3011527.3505
2.65.G.DBL,13691624.8298,3011527.3505
2.65.H.YEL,13691598.0560,3011527.3505
2.65.I.YEL,13691570.5777,3011527.3505
2.65.J.YEL,13691543.0994,3011527.3505
2.65.K.YEL,13691515.6211,3011527.3505
2.65.L.YEL,13691491.5089,3011527.3505
2.66.A.YEL,13691782.2629,3011547.3505
2.66.B.YEL,13691761.5166,3011547.3505
2.66.C.YEL,13691734.0383,3011547.3505
2.66.D.YEL,13691706.5600,3011547.3505
2.66.E.YEL,13691679.0817,3011547.3505
2.66.F.YEL,13691651.6034,3011547.3505
2.66.G.DBL,13691624.8298,3011547.3505
2.66.H.YEL,13691598.0560,3011547.3505
2.66.I.YEL,13691570.5777,3011547.3505
2.66.J.YEL,13691543.0994,3011547.3505
2.66.K.YEL,13691515.6211,3011547.3505
2.66.L.YEL,13691491.5089,3011547.3505
2.67.A.YEL,13691782.2629,3011567.3504
2.67.B.YEL,13691761.5166,3011567.3504
2.67.C.YEL,13691734.0383,3011567.3504
2.67.D.YEL,13691706.5600,3011567.3504
2.67.E.YEL,13691679.0817,3011567.3504
2.67.F.YEL,13691651.6034,3011567.3504
2.67.G.DBL,13691624.8298,3011567.3504
2.67.H.YEL,13691598.0560,3011567.3504
2.67.I.YEL,13691570.5777,3011567.3504
2.67.J.YEL,13691543.0994,3011567.3504
2.67.K.YEL,13691515.6211,3011567.3504
2.67.L.YEL,13691491.5089,3011567.3504
2.68.A.YEL,13691782.2629,3011587.3504
2.68.B.YEL,13691761.5166,3011587.3504
2.68.C.YEL,13691734.0383,3011587.3504
2.68.D.YEL,13691706.5600,3011587.3504
2.68.E.YEL,13691679.0817,3011587.3504
2.68.F.YEL,13691651.6034,3011587.3504
2.68.G.DBL,13691624.8298,3011587.3504
2.68.H.YEL,13691598.0560,3011587.3504
2.68.I.YEL,13691570.5777,3011587.3504
2.68.J.YEL,13691543.0994,3011587.3504
2.68.K.YEL,13691515.6211,3011587.3504
2.68.L.YEL,13691491.5089,3011587.3504
2.69.A.YEL,13691782.2629,3011607.3507
2.69.B.YEL,13691761.5166,3011607.3507
2.69.C.YEL,13691734.0383,3011607.3507
2.69.D.YEL,13691706.5600,3011607.3507
2.69.E.YEL,13691679.0817,3011607.3507
2.69.F.YEL,13691651.6034,3011607.3507
2.69.G.DBL,13691624.8298,3011607.3507
2.69.H.YEL,13691598.0560,3011607.3507
2.69.I.YEL,13691570.5777,3011607.3507
2.69.J.YEL,13691543.0994,3011607.3507
2.69.K.YEL,13691515.6211,3011607.3507
2.69.L.YEL,13691491.5089,3011607.3507
2.70.A.YEL,13691782.2629,3011627.3506
2.70.B.YEL,13691761.5166,3011627.3506
2.70.C.YEL,13691734.0383,3011627.3506
2.70.D.YEL,13691706.5600,3011627.3506
2.70.E.YEL,13691679.0817,3011627.3506
2.70.F.YEL,13691651.6034,3011627.3506
2.70.G.DBL,13691624.8298,3011627.3506
2.70.H.YEL,13691598.0560,3011627.3506
2.70.I.YEL,13691570.5777,3011627.3506
2.70.J.YEL,13691543.0994,3011627.3506
2.70.K.YEL,13691515.6211,3011627.3506
2.70.L.YEL,13691491.5089,3011627.3506
2.71.A.YEL,13691782.2629,3011647.3506
2.71.B.YEL,13691761.5166,3011647.3506
2.71.C.YEL,13691734.0383,3011647.3506
2.71.D.YEL,13691706.5600,3011647.3506
2.71.E.YEL,13691679.0817,3011647.3506
2.71.F.YEL,13691651.6034,3011647.3506
2.71.G.DBL,13691624.8298,3011647.3506
2.71.H.YEL,13691598.0560,3011647.3506
2.71.I.YEL,13691570.5777,3011647.3506
2.71.J.YEL,13691543.0994,3011647.3506
2.71.K.YEL,13691515.6211,3011647.3506
2.71.L.YEL,13691491.5089,3011647.3506
2.72.A.YEL,13691782.2629,3011667.3505
2.72.B.YEL,13691761.5166,3011667.3505
2.72.C.LBL,13691734.0383,3011667.3505
2.72.D.YEL,13691706.5600,3011667.3505
2.72.E.YEL,13691679.0817,3011667.3505
2.72.F.YEL,13691651.6034,3011667.3505
2.72.G.DBL,13691624.8298,3011667.3505
2.72.H.LBL,13691598.0560,3011667.3505
2.72.I.YEL,13691570.5777,3011667.3505
2.72.J.YEL,13691543.0994,3011667.3505
2.72.K.YEL,13691515.6211,3011667.3505
2.72.L.YEL,13691491.5089,3011667.3505
2.73.A.YEL,13691782.2629,3011687.3505
2.73.B.YEL,13691761.5166,3011687.3505
2.73.C.YEL,13691734.0383,3011687.3505
2.73.D.YEL,13691706.5600,3011687.3505
2.73.E.YEL,13691679.0817,3011687.3505
2.73.F.YEL,13691651.6034,3011687.3505
2.73.G.DBL,13691624.8298,3011687.3505
2.73.H.YEL,13691598.0560,3011687.3505
2.73.I.YEL,13691570.5777,3011687.3505
2.73.J.YEL,13691543.0994,3011687.3505
2.73.K.YEL,13691515.6211,3011687.3505
2.73.L.YEL,13691491.5089,3011687.3505
2.74.A.YEL,13691782.2629,3011707.3505
2.74.B.YEL,13691761.5166,3011707.3505
2.74.C.YEL,13691734.0383,3011707.3505
2.74.D.LBL,13691706.5600,3011707.3505
2.74.E.YEL,13691679.0817,3011707.3505
2.74.F.YEL,13691651.6034,3011707.3505
2.74.G.DBL,13691624.8298,3011707.3505
2.74.H.YEL,13691598.0560,3011707.3505
2.74.I.YEL,13691570.5777,3011707.3505
2.74.J.YEL,13691543.0994,3011707.3505
2.74.K.YEL,13691515.6211,3011707.3505
2.74.L.YEL,13691491.5089,3011707.3505
2.75.A.YEL,13691782.2629,3011727.3504
2.75.B.YEL,13691761.5166,3011727.3504
2.75.C.YEL,13691734.0383,3011727.3504
2.75.D.YEL,13691706.5600,3011727.3504
2.75.E.YEL,13691679.0817,3011727.3504
2.75.F.YEL,13691651.6034,3011727.3504
2.75.G.DBL,13691624.8298,3011727.3504
2.75.H.YEL,13691598.0560,3011727.3504
2.75.I.YEL,13691570.5777,3011727.3504
2.75.J.YEL,13691543.0994,3011727.3504
2.75.K.YEL,13691515.6211,3011727.3504
2.75.L.YEL,13691491.5089,3011727.3504
2.76.A.YEL,13691782.2629,3011747.3504
2.76.B.YEL,13691761.5166,3011747.3504
2.76.C.YEL,13691734.0383,3011747.3504
2.76.D.YEL,13691706.5600,3011747.3504
2.76.E.YEL,13691679.0817,3011747.3504
2.76.F.YEL,13691651.6034,3011747.3504
2.76.G.DBL,13691624.8298,3011747.3504
2.76.H.YEL,13691598.0560,3011747.3504
2.76.I.YEL,13691570.5777,3011747.3504
2.76.J.YEL,13691543.0994,3011747.3504
2.76.K.YEL,13691515.6211,3011747.3504
2.76.L.YEL,13691491.5089,3011747.3504
2.77.A.YEL,13691782.2629,3011767.3507
2.77.B.YEL,13691761.5166,3011767.3507
2.77.C.YEL,13691734.0383,3011767.3507
2.77.D.YEL,13691706.5600,3011767.3507
2.77.E.YEL,13691679.0817,3011767.3507
2.77.F.YEL,13691651.6034,3011767.3507
2.77.G.DBL,13691624.8298,3011767.3507
2.77.H.YEL,13691598.0560,3011767.3507
2.77.I.YEL,13691570.5777,3011767.3507
2.77.J.YEL,13691543.0994,3011767.3507
2.77.K.YEL,13691515.6211,3011767.3507
2.77.L.YEL,13691491.5089,3011767.3507
2.78.A.YEL,13691782.2629,3011787.3506
2.78.B.YEL,13691761.5166,3011787.3506
2.78.C.YEL,13691734.0383,3011787.3506
2.78.D.YEL,13691706.5600,3011787.3506
2.78.E.YEL,13691679.0817,3011787.3506
2.78.F.YEL,13691651.6034,3011787.3506
2.78.G.DBL,13691624.8298,3011787.3506
2.78.H.LBL,13691598.0560,3011787.3506
2.78.I.YEL,13691570.5777,3011787.3506
2.78.J.YEL,13691543.0994,3011787.3506
2.78.K.YEL,13691515.6211,3011787.3506
2.78.L.YEL,13691491.5089,3011787.3506
2.79.A.YEL,13691782.2629,3011807.3506
2.79.B.YEL,13691761.5166,3011807.3506
2.79.C.YEL,13691734.0383,3011807.3506
2.79.D.YEL,13691706.5600,3011807.3506
2.79.E.YEL,13691679.0817,3011807.3506
2.79.F.YEL,13691651.6034,3011807.3506
2.79.G.DBL,13691624.8298,3011807.3506
2.79.H.YEL,13691598.0560,3011807.3506
2.79.I.YEL,13691570.5777,3011807.3506
2.79.J.YEL,13691543.0994,3011807.3506
2.79.K.YEL,13691515.6211,3011807.3506
2.79.L.YEL,13691491.5089,3011807.3506
2.80.A.LBL,13691782.2629,3011827.3505
2.80.B.YEL,13691761.5166,3011827.3505
2.80.C.YEL,13691734.0383,3011827.3505
2.80.D.YEL,13691706.5600,3011827.3505
2.80.E.YEL,13691679.0817,3011827.3505
2.80.F.YEL,13691651.6034,3011827.3505
2.80.G.DBL,13691624.8298,3011827.3505
2.80.H.YEL,13691598.0560,3011827.3505
2.80.I.YEL,13691570.5777,3011827.3505
2.80.J.YEL,13691543.0994,3011827.3505
2.80.K.YEL,13691515.6211,3011827.3505
2.80.L.LBL,13691491.5089,3011827.3505
2.81.A.YEL,13691782.2629,3011847.3505
2.81.B.YEL,13691761.5166,3011847.3505
2.81.C.YEL,13691734.0383,3011847.3505
2.81.D.YEL,13691706.5600,3011847.3505
2.81.E.YEL,13691679.0817,3011847.3505
2.81.F.YEL,13691651.6034,3011847.3505
2.81.G.PRP,13691624.8298,3011847.3505
2.81.H.YEL,13691598.0560,3011847.3505
2.81.I.YEL,13691570.5777,3011847.3505
2.81.J.LBL,13691543.0994,3011847.3505
2.81.K.LBL,13691515.6211,3011847.3505
2.81.L.LBL,13691491.5089,3011847.3505
