id,northing,easting,z,color
08.S4.R15.A,2165561.57,6531715.14,0,Blue - Black
08.S4.R15.B,2165531.96,6531715.14,0,Blue - White
08.S4.R15.C,2165502.34,6531715.14,0,Blue - White
08.S4.R15.D,2165468.6,6531715.14,0,Blue - White
08.S4.R15.E,2165434.85,6531715.14,0,Pink - White
08.S4.R15.F,2165401.1,6531715.14,0,Pink - White
08.S4.R15.G,2165368.83,6531715.14,0,Green
08.S4.R15.H,2165336.55,6531715.14,0,Pink - White
08.S4.R15.I,2165302.81,6531715.14,0,Pink - White
08.S4.R15.J,2165269.06,6531715.14,0,Blue - White
08.S4.R15.K,2165239.45,6531715.14,0,Blue - White
08.S4.R15.L,2165209.84,6531715.14,0,Blue - Black
08.S4.R16.A,2165562.05,6531733.14,0,Blue - Black
08.S4.R16.B,2165532.44,6531733.14,0,Blue - White
08.S4.R16.C,2165502.83,6531733.14,0,Blue - White
08.S4.R16.D,2165469.08,6531733.14,0,Blue - White
08.S4.R16.E,2165435.33,6531733.14,0,Pink - White
08.S4.R16.F,2165401.58,6531733.14,0,Pink - White
08.S4.R16.G,2165369.31,6531733.14,0,Green
08.S4.R16.H,2165337.04,6531733.14,0,Pink - White
08.S4.R16.I,2165303.29,6531733.14,0,Pink - White
08.S4.R16.J,2165269.54,6531733.14,0,Blue - White
08.S4.R16.K,2165239.93,6531733.14,0,Blue - White
08.S4.R16.L,2165210.32,6531733.14,0,Blue - Black
08.S4.R17.A,2165562.53,6531751.14,0,Blue - Black
08.S4.R17.B,2165532.92,6531751.14,0,Blue - White
08.S4.R17.C,2165503.31,6531751.14,0,Blue - White
08.S4.R17.D,2165469.56,6531751.14,0,Blue - White
08.S4.R17.E,2165435.81,6531751.14,0,Pink - White
08.S4.R17.F,2165402.06,6531751.14,0,Pink - White
08.S4.R17.G,2165369.79,6531751.14,0,Green
08.S4.R17.H,2165337.52,6531751.14,0,Pink - White
08.S4.R17.I,2165303.77,6531751.14,0,Pink - White
08.S4.R17.J,2165270.02,6531751.14,0,Blue - White
08.S4.R17.K,2165240.41,6531751.14,0,Blue - White
08.S4.R17.L,2165210.8,6531751.14,0,Blue - Black
08.S4.R18.A,2165563.01,6531769.14,0,Blue - Black
08.S4.R18.B,2165533.4,6531769.14,0,Blue - White
08.S4.R18.C,2165503.79,6531769.14,0,Blue - White
08.S4.R18.D,2165470.04,6531769.14,0,Blue - White
08.S4.R18.E,2165436.29,6531769.14,0,Pink - White
08.S4.R18.F,2165402.55,6531769.14,0,Pink - White
08.S4.R18.G,2165370.27,6531769.14,0,Green
08.S4.R18.H,2165338,6531769.14,0,Pink - White
08.S4.R18.I,2165304.25,6531769.14,0,Pink - White
08.S4.R18.J,2165270.5,6531769.14,0,Blue - White
08.S4.R18.K,2165240.89,6531769.14,0,Blue - White
08.S4.R18.L,2165211.28,6531769.14,0,Blue - Black
08.S4.R19.A,2165563.5,6531787.14,0,Blue - Black
08.S4.R19.B,2165533.89,6531787.14,0,Blue - White
08.S4.R19.C,2165504.27,6531787.14,0,Blue - White
08.S4.R19.D,2165470.53,6531787.14,0,Blue - White
08.S4.R19.E,2165436.78,6531787.14,0,Pink - White
08.S4.R19.F,2165403.03,6531787.14,0,Pink - White
08.S4.R19.G,2165370.76,6531787.14,0,Green
08.S4.R19.H,2165338.48,6531787.14,0,Pink - White
08.S4.R19.I,2165304.74,6531787.14,0,Pink - White
08.S4.R19.J,2165270.99,6531787.14,0,Blue - White
08.S4.R19.K,2165241.38,6531787.14,0,Blue - White
08.S4.R19.L,2165211.76,6531787.14,0,Blue - Black
08.S4.R20.A,2165563.98,6531805.14,0,Blue - Black
08.S4.R20.B,2165534.37,6531805.14,0,Blue - White
08.S4.R20.C,2165504.76,6531805.14,0,Blue - White
08.S4.R20.D,2165471.01,6531805.14,0,Blue - White
08.S4.R20.E,2165437.26,6531805.14,0,Pink - White
08.S4.R20.F,2165403.51,6531805.14,0,Pink - White
08.S4.R20.G,2165371.24,6531805.14,0,Green
08.S4.R20.H,2165338.97,6531805.14,0,Pink - White
08.S4.R20.I,2165305.22,6531805.14,0,Pink - White
08.S4.R20.J,2165271.47,6531805.14,0,Blue - White
08.S4.R20.K,2165241.86,6531805.14,0,Blue - White
08.S4.R20.L,2165212.25,6531805.14,0,Blue - Black
08.S4.R21.A,2165564.46,6531823.14,0,Blue - Black
08.S4.R21.B,2165534.85,6531823.14,0,Blue - White
08.S4.R21.C,2165505.24,6531823.14,0,Blue - White
08.S4.R21.D,2165471.49,6531823.14,0,Blue - White
08.S4.R21.E,2165437.74,6531823.14,0,Pink - White
08.S4.R21.F,2165403.99,6531823.14,0,Pink - White
08.S4.R21.G,2165371.72,6531823.14,0,Green
08.S4.R21.H,2165339.45,6531823.14,0,Pink - White
08.S4.R21.I,2165305.7,6531823.14,0,Pink - White
08.S4.R21.J,2165271.95,6531823.14,0,Blue - White
08.S4.R21.K,2165242.34,6531823.14,0,Blue - White
08.S4.R21.L,2165212.73,6531823.14,0,Blue - Black
08.S4.R22.A,2165564.94,6531841.14,0,Blue - Black
08.S4.R22.B,2165535.33,6531841.14,0,Blue - White
08.S4.R22.C,2165505.72,6531841.14,0,Blue - White
08.S4.R22.D,2165471.97,6531841.14,0,Blue - White
08.S4.R22.E,2165438.22,6531841.14,0,Pink - White
08.S4.R22.F,2165404.48,6531841.14,0,Pink - White
08.S4.R22.G,2165372.2,6531841.14,0,Green
08.S4.R22.H,2165339.93,6531841.14,0,Pink - White
08.S4.R22.I,2165306.18,6531841.14,0,Pink - White
08.S4.R22.J,2165272.43,6531841.14,0,Blue - White
08.S4.R22.K,2165242.82,6531841.14,0,Blue - White
08.S4.R22.L,2165213.21,6531841.14,0,Blue - Black
08.S4.R23.A,2165565.43,6531859.14,0,Blue - Black
08.S4.R23.B,2165535.81,6531859.14,0,Yellow - Black
08.S4.R23.C,2165506.2,6531859.14,0,Yellow - Black
08.S4.R23.D,2165472.45,6531859.14,0,Yellow - Black
08.S4.R23.E,2165438.71,6531859.14,0,Green - Black
08.S4.R23.F,2165404.96,6531859.14,0,Green - Black
08.S4.R23.G,2165372.69,6531859.14,0,Green
08.S4.R23.H,2165340.41,6531859.14,0,Pink - White
08.S4.R23.I,2165306.66,6531859.14,0,Pink - White
08.S4.R23.J,2165272.92,6531859.14,0,Blue - White
08.S4.R23.K,2165243.31,6531859.14,0,Blue - White
08.S4.R23.L,2165213.69,6531859.14,0,Blue - Black
08.S4.R24.A,2165565.91,6531877.14,0,Blue - Black
08.S4.R24.B,2165536.3,6531877.14,0,Blue - White
08.S4.R24.C,2165506.69,6531877.14,0,Blue - White
08.S4.R24.D,2165472.94,6531877.14,0,Blue - White
08.S4.R24.E,2165439.19,6531877.14,0,Pink - White
08.S4.R24.F,2165405.44,6531877.14,0,Pink - White
08.S4.R24.G,2165373.17,6531877.14,0,Green
08.S4.R24.H,2165340.9,6531877.14,0,Pink - White
08.S4.R24.I,2165307.15,6531877.14,0,Pink - White
08.S4.R24.J,2165273.4,6531877.14,0,Blue - White
08.S4.R24.K,2165243.79,6531877.14,0,Blue - White
08.S4.R24.L,2165214.18,6531877.14,0,Blue - Black
08.S4.R25.A,2165566.39,6531895.14,0,Blue - Black
08.S4.R25.B,2165536.78,6531895.14,0,Blue - White
08.S4.R25.C,2165507.17,6531895.14,0,Blue - White
08.S4.R25.D,2165473.42,6531895.14,0,Blue - White
08.S4.R25.E,2165439.67,6531895.14,0,Pink - White
08.S4.R25.F,2165405.92,6531895.14,0,Pink - White
08.S4.R25.G,2165373.65,6531895.14,0,Green
08.S4.R25.H,2165341.38,6531895.14,0,Pink - White
08.S4.R25.I,2165307.63,6531895.14,0,Pink - White
08.S4.R25.J,2165273.88,6531895.14,0,Blue - White
08.S4.R25.K,2165244.27,6531895.14,0,Blue - White
08.S4.R25.L,2165214.66,6531895.14,0,Blue - Black
08.S4.R26.A,2165566.87,6531913.14,0,Blue - Black
08.S4.R26.B,2165537.26,6531913.14,0,Blue - White
08.S4.R26.C,2165507.65,6531913.14,0,Blue - White
08.S4.R26.D,2165473.9,6531913.14,0,Blue - White
08.S4.R26.E,2165440.15,6531913.14,0,Pink - White
08.S4.R26.F,2165406.41,6531913.14,0,Pink - White
08.S4.R26.G,2165374.13,6531913.14,0,Green
08.S4.R26.H,2165341.86,6531913.14,0,Pink - White
08.S4.R26.I,2165308.11,6531913.14,0,Pink - White
08.S4.R26.J,2165274.36,6531913.14,0,Blue - White
08.S4.R26.K,2165244.75,6531913.14,0,Blue - White
08.S4.R26.L,2165215.14,6531913.14,0,Blue - Black
08.S4.R27.A,2165567.36,6531931.14,0,Blue - Black
08.S4.R27.B,2165537.74,6531931.14,0,Blue - White
08.S4.R27.C,2165508.13,6531931.14,0,Blue - White
08.S4.R27.D,2165474.38,6531931.14,0,Blue - White
08.S4.R27.E,2165440.64,6531931.14,0,Pink - White
08.S4.R27.F,2165406.89,6531931.14,0,Pink - White
08.S4.R27.G,2165374.62,6531931.14,0,Green
08.S4.R27.H,2165342.34,6531931.14,0,Pink - White
08.S4.R27.I,2165308.59,6531931.14,0,Pink - White
08.S4.R27.J,2165274.85,6531931.14,0,Blue - White
08.S4.R27.K,2165245.23,6531931.14,0,Blue - White
08.S4.R27.L,2165215.62,6531931.14,0,Blue - Black
08.S4.R28.A,2165567.84,6531949.14,0,Blue - Black
08.S4.R28.B,2165538.23,6531949.14,0,Blue - White
08.S4.R28.C,2165508.62,6531949.14,0,Blue - White
08.S4.R28.D,2165474.87,6531949.14,0,Blue - White
08.S4.R28.E,2165441.12,6531949.14,0,Pink - White
08.S4.R28.F,2165407.37,6531949.14,0,Pink - White
08.S4.R28.G,2165375.1,6531949.14,0,Green
08.S4.R28.H,2165342.82,6531949.14,0,Pink - White
08.S4.R28.I,2165309.08,6531949.14,0,Pink - White
08.S4.R28.J,2165275.33,6531949.14,0,Blue - White
08.S4.R28.K,2165245.72,6531949.14,0,Blue - White
08.S4.R28.L,2165216.11,6531949.14,0,Blue - Black
08.S4.R29.A,2165568.32,6531967.14,0,Blue - Black
08.S4.R29.B,2165538.71,6531967.14,0,Blue - White
08.S4.R29.C,2165509.1,6531967.14,0,Blue - White
08.S4.R29.D,2165475.35,6531967.14,0,Blue - White
08.S4.R29.E,2165441.6,6531967.14,0,Pink - White
08.S4.R29.F,2165407.85,6531967.14,0,Pink - White
08.S4.R29.G,2165375.58,6531967.14,0,Green
08.S4.R29.H,2165343.31,6531967.14,0,Pink - White
08.S4.R29.I,2165309.56,6531967.14,0,Pink - White
08.S4.R29.J,2165275.81,6531967.14,0,Blue - White
08.S4.R29.K,2165246.2,6531967.14,0,Blue - White
08.S4.R29.L,2165216.59,6531967.14,0,Blue - Black
08.S4.R30.A,2165568.8,6531985.14,0,Blue - Black
08.S4.R30.B,2165539.19,6531985.14,0,Blue - White
08.S4.R30.C,2165509.58,6531985.14,0,Blue - White
08.S4.R30.D,2165475.83,6531985.14,0,Blue - White
08.S4.R30.E,2165442.08,6531985.14,0,Pink - White
08.S4.R30.F,2165408.33,6531985.14,0,Pink - White
08.S4.R30.G,2165376.06,6531985.14,0,Green
08.S4.R30.H,2165343.79,6531985.14,0,Pink - White
08.S4.R30.I,2165310.04,6531985.14,0,Pink - White
08.S4.R30.J,2165276.29,6531985.14,0,Blue - White
08.S4.R30.K,2165246.68,6531985.14,0,Blue - White
08.S4.R30.L,2165217.07,6531985.14,0,Blue - Black
08.S4.R31.A,2165569.28,6532003.14,0,Blue - Black
08.S4.R31.B,2165539.67,6532003.14,0,Blue - White
08.S4.R31.C,2165510.06,6532003.14,0,Blue - White
08.S4.R31.D,2165476.31,6532003.14,0,Blue - White
08.S4.R31.E,2165442.57,6532003.14,0,Pink - White
08.S4.R31.F,2165408.82,6532003.14,0,Pink - White
08.S4.R31.G,2165376.54,6532003.14,0,Green
08.S4.R31.H,2165344.27,6532003.14,0,Pink - White
08.S4.R31.I,2165310.52,6532003.14,0,Pink - White
08.S4.R31.J,2165276.78,6532003.14,0,Blue - White
08.S4.R31.K,2165247.16,6532003.14,0,Blue - White
08.S4.R31.L,2165217.55,6532003.14,0,Blue - Black
08.S4.R32.A,2165569.77,6532021.14,0,Blue - Black
08.S4.R32.B,2165540.16,6532021.14,0,Blue - White
08.S4.R32.C,2165510.54,6532021.14,0,Blue - White
08.S4.R32.D,2165476.8,6532021.14,0,Blue - White
08.S4.R32.E,2165443.05,6532021.14,0,Pink - White
08.S4.R32.F,2165409.3,6532021.14,0,Pink - White
08.S4.R32.G,2165377.03,6532021.14,0,Green
08.S4.R32.H,2165344.75,6532021.14,0,Pink - White
08.S4.R32.I,2165311.01,6532021.14,0,Pink - White
08.S4.R32.J,2165277.26,6532021.14,0,Blue - White
08.S4.R32.K,2165247.65,6532021.14,0,Blue - White
08.S4.R32.L,2165218.04,6532021.14,0,Blue - Black
08.S4.R33.A,2165570.25,6532039.14,0,Blue - Black
08.S4.R33.B,2165540.64,6532039.14,0,Blue - White
08.S4.R33.C,2165511.03,6532039.14,0,Blue - White
08.S4.R33.D,2165477.28,6532039.14,0,Blue - White
08.S4.R33.E,2165443.53,6532039.14,0,Pink - White
08.S4.R33.F,2165409.78,6532039.14,0,Pink - White
08.S4.R33.G,2165377.51,6532039.14,0,Green
08.S4.R33.H,2165345.24,6532039.14,0,Pink - White
08.S4.R33.I,2165311.49,6532039.14,0,Pink - White
08.S4.R33.J,2165277.74,6532039.14,0,Blue - White
08.S4.R33.K,2165248.13,6532039.14,0,Blue - White
08.S4.R33.L,2165218.52,6532039.14,0,Blue - Black
08.S4.R34.A,2165570.73,6532057.14,0,Blue - Black
08.S4.R34.B,2165541.12,6532057.14,0,Blue - White
08.S4.R34.C,2165511.51,6532057.14,0,Blue - White
08.S4.R34.D,2165477.76,6532057.14,0,Blue - White
08.S4.R34.E,2165444.01,6532057.14,0,Pink - White
08.S4.R34.F,2165410.26,6532057.14,0,Pink - White
08.S4.R34.G,2165377.99,6532057.14,0,Green
08.S4.R34.H,2165345.72,6532057.14,0,Pink - White
08.S4.R34.I,2165311.97,6532057.14,0,Pink - White
08.S4.R34.J,2165278.22,6532057.14,0,Blue - White
08.S4.R34.K,2165248.61,6532057.14,0,Blue - White
08.S4.R34.L,2165219,6532057.14,0,Blue - Black
08.S3.R15.A,2165937.24,6531715.14,0,Pink - Black
08.S3.R15.B,2165907.62,6531715.14,0,Pink - White
08.S3.R15.C,2165878.01,6531715.14,0,Blue - White
08.S3.R15.D,2165844.27,6531715.14,0,Blue - White
08.S3.R15.E,2165810.52,6531715.14,0,Pink - White
08.S3.R15.F,2165776.77,6531715.14,0,Pink - White
08.S3.R15.G,2165744.5,6531715.14,0,Green
08.S3.R15.H,2165712.22,6531715.14,0,Pink - White
08.S3.R15.I,2165678.48,6531715.14,0,Pink - White
08.S3.R15.J,2165644.73,6531715.14,0,Blue - White
08.S3.R15.K,2165615.12,6531715.14,0,Blue - White
08.S3.R15.L,2165585.5,6531715.14,0,Blue - Black
08.S3.R16.A,2165937.72,6531733.14,0,Purple - Black
08.S3.R16.B,2165908.11,6531733.14,0,Purple - White
08.S3.R16.C,2165878.5,6531733.14,0,Blue - White
08.S3.R16.D,2165844.75,6531733.14,0,Blue - White
08.S3.R16.E,2165811,6531733.14,0,Pink - White
08.S3.R16.F,2165777.25,6531733.14,0,Pink - White
08.S3.R16.G,2165744.98,6531733.14,0,Green
08.S3.R16.H,2165712.71,6531733.14,0,Pink - White
08.S3.R16.I,2165678.96,6531733.14,0,Pink - White
08.S3.R16.J,2165645.21,6531733.14,0,Blue - White
08.S3.R16.K,2165615.6,6531733.14,0,Blue - White
08.S3.R16.L,2165585.99,6531733.14,0,Blue - Black
08.S3.R17.A,2165938.2,6531751.14,0,Pink - Black
08.S3.R17.B,2165908.59,6531751.14,0,Pink - White
08.S3.R17.C,2165878.98,6531751.14,0,Blue - White
08.S3.R17.D,2165845.23,6531751.14,0,Blue - White
08.S3.R17.E,2165811.48,6531751.14,0,Pink - White
08.S3.R17.F,2165777.73,6531751.14,0,Pink - White
08.S3.R17.G,2165745.46,6531751.14,0,Green
08.S3.R17.H,2165713.19,6531751.14,0,Pink - White
08.S3.R17.I,2165679.44,6531751.14,0,Pink - White
08.S3.R17.J,2165645.69,6531751.14,0,Blue - White
08.S3.R17.K,2165616.08,6531751.14,0,Blue - White
08.S3.R17.L,2165586.47,6531751.14,0,Blue - Black
08.S3.R18.A,2165938.68,6531769.14,0,Pink - Black
08.S3.R18.B,2165909.07,6531769.14,0,Pink - White
08.S3.R18.C,2165879.46,6531769.14,0,Blue - White
08.S3.R18.D,2165845.71,6531769.14,0,Blue - White
08.S3.R18.E,2165811.96,6531769.14,0,Pink - White
08.S3.R18.F,2165778.22,6531769.14,0,Pink - White
08.S3.R18.G,2165745.94,6531769.14,0,Green
08.S3.R18.H,2165713.67,6531769.14,0,Pink - White
08.S3.R18.I,2165679.92,6531769.14,0,Pink - White
08.S3.R18.J,2165646.17,6531769.14,0,Blue - White
08.S3.R18.K,2165616.56,6531769.14,0,Blue - White
08.S3.R18.L,2165586.95,6531769.14,0,Blue - Black
08.S3.R19.A,2165939.17,6531787.14,0,Pink - Black
08.S3.R19.B,2165909.55,6531787.14,0,Pink - White
08.S3.R19.C,2165879.94,6531787.14,0,Blue - White
08.S3.R19.D,2165846.19,6531787.14,0,Blue - White
08.S3.R19.E,2165812.45,6531787.14,0,Pink - White
08.S3.R19.F,2165778.7,6531787.14,0,Pink - White
08.S3.R19.G,2165746.43,6531787.14,0,Green
08.S3.R19.H,2165714.15,6531787.14,0,Pink - White
08.S3.R19.I,2165680.4,6531787.14,0,Pink - White
08.S3.R19.J,2165646.66,6531787.14,0,Blue - White
08.S3.R19.K,2165617.04,6531787.14,0,Blue - White
08.S3.R19.L,2165587.43,6531787.14,0,Blue - Black
08.S3.R20.A,2165939.65,6531805.14,0,Pink - Black
08.S3.R20.B,2165910.04,6531805.14,0,Pink - White
08.S3.R20.C,2165880.43,6531805.14,0,Blue - White
08.S3.R20.D,2165846.68,6531805.14,0,Blue - White
08.S3.R20.E,2165812.93,6531805.14,0,Pink - White
08.S3.R20.F,2165779.18,6531805.14,0,Pink - White
08.S3.R20.G,2165746.91,6531805.14,0,Green
08.S3.R20.H,2165714.64,6531805.14,0,Pink - White
08.S3.R20.I,2165680.89,6531805.14,0,Pink - White
08.S3.R20.J,2165647.14,6531805.14,0,Blue - White
08.S3.R20.K,2165617.53,6531805.14,0,Blue - White
08.S3.R20.L,2165587.92,6531805.14,0,Blue - Black
08.S3.R21.A,2165940.13,6531823.14,0,Pink - Black
08.S3.R21.B,2165910.52,6531823.14,0,Pink - White
08.S3.R21.C,2165880.91,6531823.14,0,Blue - White
08.S3.R21.D,2165847.16,6531823.14,0,Blue - White
08.S3.R21.E,2165813.41,6531823.14,0,Pink - White
08.S3.R21.F,2165779.66,6531823.14,0,Pink - White
08.S3.R21.G,2165747.39,6531823.14,0,Green
08.S3.R21.H,2165715.12,6531823.14,0,Pink - White
08.S3.R21.I,2165681.37,6531823.14,0,Pink - White
08.S3.R21.J,2165647.62,6531823.14,0,Blue - White
08.S3.R21.K,2165618.01,6531823.14,0,Blue - White
08.S3.R21.L,2165588.4,6531823.14,0,Blue - Black
08.S3.R22.A,2165940.61,6531841.14,0,Pink - Black
08.S3.R22.B,2165911,6531841.14,0,Pink - White
08.S3.R22.C,2165881.39,6531841.14,0,Blue - White
08.S3.R22.D,2165847.64,6531841.14,0,Blue - White
08.S3.R22.E,2165813.89,6531841.14,0,Pink - White
08.S3.R22.F,2165780.15,6531841.14,0,Pink - White
08.S3.R22.G,2165747.87,6531841.14,0,Green
08.S3.R22.H,2165715.6,6531841.14,0,Pink - White
08.S3.R22.I,2165681.85,6531841.14,0,Pink - White
08.S3.R22.J,2165648.1,6531841.14,0,Blue - White
08.S3.R22.K,2165618.49,6531841.14,0,Blue - White
08.S3.R22.L,2165588.88,6531841.14,0,Blue - Black
08.S3.R23.A,2165941.09,6531859.14,0,Purple - Black
08.S3.R23.B,2165911.48,6531859.14,0,Purple - Black
08.S3.R23.C,2165881.87,6531859.14,0,Yellow - Black
08.S3.R23.D,2165848.12,6531859.14,0,Yellow - Black
08.S3.R23.E,2165814.38,6531859.14,0,Pink - Black
08.S3.R23.F,2165780.63,6531859.14,0,Pink - Black
08.S3.R23.G,2165748.35,6531859.14,0,Green
08.S3.R23.H,2165716.08,6531859.14,0,Pink - Black
08.S3.R23.I,2165682.33,6531859.14,0,Pink - Black
08.S3.R23.J,2165648.59,6531859.14,0,Yellow - Black
08.S3.R23.K,2165618.97,6531859.14,0,Yellow - Black
08.S3.R23.L,2165589.36,6531859.14,0,Yellow - Black
08.S3.R24.A,2165941.58,6531877.14,0,Blue - Black
08.S3.R24.B,2165911.97,6531877.14,0,Blue - White
08.S3.R24.C,2165882.35,6531877.14,0,Blue - White
08.S3.R24.D,2165848.61,6531877.14,0,Blue - White
08.S3.R24.E,2165814.86,6531877.14,0,Pink - White
08.S3.R24.F,2165781.11,6531877.14,0,Pink - White
08.S3.R24.G,2165748.84,6531877.14,0,Green
08.S3.R24.H,2165716.56,6531877.14,0,Pink - White
08.S3.R24.I,2165682.82,6531877.14,0,Pink - White
08.S3.R24.J,2165649.07,6531877.14,0,Blue - White
08.S3.R24.K,2165619.46,6531877.14,0,Blue - White
08.S3.R24.L,2165589.85,6531877.14,0,Blue - Black
08.S3.R25.A,2165942.06,6531895.14,0,Blue - Black
08.S3.R25.B,2165912.45,6531895.14,0,Blue - White
08.S3.R25.C,2165882.84,6531895.14,0,Blue - White
08.S3.R25.D,2165849.09,6531895.14,0,Blue - White
08.S3.R25.E,2165815.34,6531895.14,0,Pink - White
08.S3.R25.F,2165781.59,6531895.14,0,Pink - White
08.S3.R25.G,2165749.32,6531895.14,0,Green
08.S3.R25.H,2165717.05,6531895.14,0,Pink - White
08.S3.R25.I,2165683.3,6531895.14,0,Pink - White
08.S3.R25.J,2165649.55,6531895.14,0,Blue - White
08.S3.R25.K,2165619.94,6531895.14,0,Blue - White
08.S3.R25.L,2165590.33,6531895.14,0,Blue - Black
08.S3.R26.A,2165942.54,6531913.14,0,Blue - Black
08.S3.R26.B,2165912.93,6531913.14,0,Blue - White
08.S3.R26.C,2165883.32,6531913.14,0,Blue - White
08.S3.R26.D,2165849.57,6531913.14,0,Blue - White
08.S3.R26.E,2165815.82,6531913.14,0,Pink - White
08.S3.R26.F,2165782.07,6531913.14,0,Pink - White
08.S3.R26.G,2165749.8,6531913.14,0,Green
08.S3.R26.H,2165717.53,6531913.14,0,Pink - White
08.S3.R26.I,2165683.78,6531913.14,0,Pink - White
08.S3.R26.J,2165650.03,6531913.14,0,Blue - White
08.S3.R26.K,2165620.42,6531913.14,0,Blue - White
08.S3.R26.L,2165590.81,6531913.14,0,Blue - Black
08.S3.R27.A,2165943.02,6531931.14,0,Blue - Black
08.S3.R27.B,2165913.41,6531931.14,0,Blue - White
08.S3.R27.C,2165883.8,6531931.14,0,Blue - White
08.S3.R27.D,2165850.05,6531931.14,0,Blue - White
08.S3.R27.E,2165816.31,6531931.14,0,Pink - White
08.S3.R27.F,2165782.56,6531931.14,0,Pink - White
08.S3.R27.G,2165750.28,6531931.14,0,Green
08.S3.R27.H,2165718.01,6531931.14,0,Pink - White
08.S3.R27.I,2165684.26,6531931.14,0,Pink - White
08.S3.R27.J,2165650.52,6531931.14,0,Blue - White
08.S3.R27.K,2165620.9,6531931.14,0,Blue - White
08.S3.R27.L,2165591.29,6531931.14,0,Blue - Black
08.S3.R28.A,2165943.51,6531949.14,0,Blue - Black
08.S3.R28.B,2165913.9,6531949.14,0,Blue - White
08.S3.R28.C,2165884.28,6531949.14,0,Blue - White
08.S3.R28.D,2165850.54,6531949.14,0,Blue - White
08.S3.R28.E,2165816.79,6531949.14,0,Pink - White
08.S3.R28.F,2165783.04,6531949.14,0,Pink - White
08.S3.R28.G,2165750.77,6531949.14,0,Green
08.S3.R28.H,2165718.49,6531949.14,0,Pink - White
08.S3.R28.I,2165684.75,6531949.14,0,Pink - White
08.S3.R28.J,2165651,6531949.14,0,Blue - White
08.S3.R28.K,2165621.39,6531949.14,0,Blue - White
08.S3.R28.L,2165591.77,6531949.14,0,Blue - Black
08.S2.R21.A,2166346.8,6531823.14,0,Pink - Black
08.S2.R21.B,2166317.19,6531823.14,0,Pink - Black
08.S2.R21.C,2166287.58,6531823.14,0,Pink - White
08.S2.R21.D,2166253.83,6531823.14,0,Green - White
08.S2.R21.E,2166220.08,6531823.14,0,Green - White
08.S2.R21.F,2166186.33,6531823.14,0,Green - White
08.S2.R21.G,2166154.06,6531823.14,0,Black
08.S2.R21.H,2166121.79,6531823.14,0,Green - White
08.S2.R21.I,2166088.04,6531823.14,0,Green - White
08.S2.R21.J,2166054.29,6531823.14,0,Green - White
08.S2.R21.K,2166024.68,6531823.14,0,Pink - Black
08.S2.R21.L,2165995.07,6531823.14,0,Pink - Black
08.S2.R22.A,2166347.28,6531841.14,0,Pink - Black
08.S2.R22.B,2166317.67,6531841.14,0,Pink - Black
08.S2.R22.C,2166288.06,6531841.14,0,Pink - White
08.S2.R22.D,2166254.31,6531841.14,0,Green - White
08.S2.R22.E,2166220.56,6531841.14,0,Green - White
08.S2.R22.F,2166186.81,6531841.14,0,Green - White
08.S2.R22.G,2166154.54,6531841.14,0,Orange - Black
08.S2.R22.H,2166122.27,6531841.14,0,Green - White
08.S2.R22.I,2166088.52,6531841.14,0,Green - White
08.S2.R22.J,2166054.77,6531841.14,0,Green - White
08.S2.R22.K,2166025.16,6531841.14,0,Pink - Black
08.S2.R22.L,2165995.55,6531841.14,0,Pink - Black
08.S2.R23.A,2166347.76,6531859.14,0,Pink - Black
08.S2.R23.B,2166318.15,6531859.14,0,Pink - White
08.S2.R23.C,2166288.54,6531859.14,0,Blue - White
08.S2.R23.D,2166254.79,6531859.14,0,Blue - White
08.S2.R23.E,2166221.04,6531859.14,0,Pink - White
08.S2.R23.F,2166187.3,6531859.14,0,Pink - White
08.S2.R23.G,2166155.02,6531859.14,0,Green
08.S2.R23.H,2166122.75,6531859.14,0,Purple - Black
08.S2.R23.I,2166089,6531859.14,0,Pink - Black
08.S2.R23.J,2166055.25,6531859.14,0,Yellow - Black
08.S2.R23.K,2166025.64,6531859.14,0,Pink - Black
08.S2.R23.L,2165996.03,6531859.14,0,Pink - Black
08.S2.R24.A,2166348.25,6531877.14,0,Pink - Black
08.S2.R24.B,2166318.64,6531877.14,0,Pink - White
08.S2.R24.C,2166289.02,6531877.14,0,Blue - White
08.S2.R24.D,2166255.28,6531877.14,0,Blue - White
08.S2.R24.E,2166221.53,6531877.14,0,Pink - White
08.S2.R24.F,2166187.78,6531877.14,0,Pink - White
08.S2.R24.G,2166155.51,6531877.14,0,Green
08.S2.R24.H,2166123.23,6531877.14,0,Pink - White
08.S2.R24.I,2166089.49,6531877.14,0,Pink - White
08.S2.R24.J,2166055.74,6531877.14,0,Blue - White
08.S2.R24.K,2166026.13,6531877.14,0,Blue - White
08.S2.R24.L,2165996.51,6531877.14,0,Blue - Black
08.S2.R25.A,2166348.73,6531895.14,0,Pink - Black
08.S2.R25.B,2166319.12,6531895.14,0,Pink - White
08.S2.R25.C,2166289.51,6531895.14,0,Blue - White
08.S2.R25.D,2166255.76,6531895.14,0,Blue - White
08.S2.R25.E,2166222.01,6531895.14,0,Pink - White
08.S2.R25.F,2166188.26,6531895.14,0,Pink - White
08.S2.R25.G,2166155.99,6531895.14,0,Green
08.S2.R25.H,2166123.72,6531895.14,0,Pink - White
08.S2.R25.I,2166089.97,6531895.14,0,Pink - White
08.S2.R25.J,2166056.22,6531895.14,0,Blue - White
08.S2.R25.K,2166026.61,6531895.14,0,Blue - White
08.S2.R25.L,2165997,6531895.14,0,Blue - Black
08.S2.R26.A,2166349.21,6531913.14,0,Pink - Black
08.S2.R26.B,2166319.6,6531913.14,0,Pink - White
08.S2.R26.C,2166289.99,6531913.14,0,Blue - White
08.S2.R26.D,2166256.24,6531913.14,0,Blue - White
08.S2.R26.E,2166222.49,6531913.14,0,Pink - White
08.S2.R26.F,2166188.74,6531913.14,0,Pink - White
08.S2.R26.G,2166156.47,6531913.14,0,Green
08.S2.R26.H,2166124.2,6531913.14,0,Pink - White
08.S2.R26.I,2166090.45,6531913.14,0,Pink - White
08.S2.R26.J,2166056.7,6531913.14,0,Blue - White
08.S2.R26.K,2166027.09,6531913.14,0,Blue - White
08.S2.R26.L,2165997.48,6531913.14,0,Blue - Black
08.S2.R27.A,2166349.69,6531931.14,0,Pink - Black
08.S2.R27.B,2166320.08,6531931.14,0,Pink - White
08.S2.R27.C,2166290.47,6531931.14,0,Blue - White
08.S2.R27.D,2166256.72,6531931.14,0,Blue - White
08.S2.R27.E,2166222.97,6531931.14,0,Pink - White
08.S2.R27.F,2166189.23,6531931.14,0,Pink - White
08.S2.R27.G,2166156.95,6531931.14,0,Green
08.S2.R27.H,2166124.68,6531931.14,0,Pink - White
08.S2.R27.I,2166090.93,6531931.14,0,Pink - White
08.S2.R27.J,2166057.18,6531931.14,0,Blue - White
08.S2.R27.K,2166027.57,6531931.14,0,Blue - White
08.S2.R27.L,2165997.96,6531931.14,0,Blue - Black
08.S2.R28.A,2166350.18,6531949.14,0,Pink - Black
08.S2.R28.B,2166320.56,6531949.14,0,Pink - White
08.S2.R28.C,2166290.95,6531949.14,0,Blue - White
08.S2.R28.D,2166257.2,6531949.14,0,Blue - White
08.S2.R28.E,2166223.46,6531949.14,0,Pink - White
08.S2.R28.F,2166189.71,6531949.14,0,Pink - White
08.S2.R28.G,2166157.44,6531949.14,0,Green
08.S2.R28.H,2166125.16,6531949.14,0,Pink - White
08.S2.R28.I,2166091.41,6531949.14,0,Pink - White
08.S2.R28.J,2166057.67,6531949.14,0,Blue - White
08.S2.R28.K,2166028.06,6531949.14,0,Blue - White
08.S2.R28.L,2165998.44,6531949.14,0,Blue - Black
08.S2.R29.A,2166350.66,6531967.14,0,Pink - Black
08.S2.R29.B,2166321.05,6531967.14,0,Pink - White
08.S2.R29.C,2166291.44,6531967.14,0,Blue - White
08.S2.R29.D,2166257.69,6531967.14,0,Blue - White
08.S2.R29.E,2166223.94,6531967.14,0,Pink - White
08.S2.R29.F,2166190.19,6531967.14,0,Pink - White
08.S2.R29.G,2166157.92,6531967.14,0,Green
08.S2.R29.H,2166125.65,6531967.14,0,Pink - White
08.S2.R29.I,2166091.9,6531967.14,0,Pink - White
08.S2.R29.J,2166058.15,6531967.14,0,Blue - White
08.S2.R29.K,2166028.54,6531967.14,0,Blue - White
08.S2.R29.L,2165998.93,6531967.14,0,Blue - Black
08.S2.R30.A,2166351.14,6531985.14,0,Pink - Black
08.S2.R30.B,2166321.53,6531985.14,0,Pink - White
08.S2.R30.C,2166291.92,6531985.14,0,Blue - White
08.S2.R30.D,2166258.17,6531985.14,0,Blue - White
08.S2.R30.E,2166224.42,6531985.14,0,Pink - White
08.S2.R30.F,2166190.67,6531985.14,0,Pink - White
08.S2.R30.G,2166158.4,6531985.14,0,Green
08.S2.R30.H,2166126.13,6531985.14,0,Pink - White
08.S2.R30.I,2166092.38,6531985.14,0,Pink - White
08.S2.R30.J,2166058.63,6531985.14,0,Blue - White
08.S2.R30.K,2166029.02,6531985.14,0,Blue - White
08.S2.R30.L,2165999.41,6531985.14,0,Blue - Black
08.S2.R31.A,2166351.62,6532003.14,0,Pink - Black
08.S2.R31.B,2166322.01,6532003.14,0,Pink - White
08.S2.R31.C,2166292.4,6532003.14,0,Blue - White
08.S2.R31.D,2166258.65,6532003.14,0,Blue - White
08.S2.R31.E,2166224.9,6532003.14,0,Pink - White
08.S2.R31.F,2166191.16,6532003.14,0,Pink - White
08.S2.R31.G,2166158.88,6532003.14,0,Green
08.S2.R31.H,2166126.61,6532003.14,0,Pink - White
08.S2.R31.I,2166092.86,6532003.14,0,Pink - White
08.S2.R31.J,2166059.11,6532003.14,0,Blue - White
08.S2.R31.K,2166029.5,6532003.14,0,Blue - White
08.S2.R31.L,2165999.89,6532003.14,0,Blue - Black
08.S2.R32.A,2166352.11,6532021.14,0,Blue - Black
08.S2.R32.B,2166322.49,6532021.14,0,Yellow - Black
08.S2.R32.C,2166292.88,6532021.14,0,Yellow - Black
08.S2.R32.D,2166259.13,6532021.14,0,Yellow - Black
08.S2.R32.E,2166225.39,6532021.14,0,Pink - Black
08.S2.R32.F,2166191.64,6532021.14,0,Pink - Black
08.S2.R32.G,2166159.37,6532021.14,0,Green
08.S2.R32.H,2166127.09,6532021.14,0,Pink - White
08.S2.R32.I,2166093.34,6532021.14,0,Pink - White
08.S2.R32.J,2166059.6,6532021.14,0,Blue - White
08.S2.R32.K,2166029.98,6532021.14,0,Blue - White
08.S2.R32.L,2166000.37,6532021.14,0,Blue - Black
08.S2.R33.A,2166352.59,6532039.14,0,Blue - Black
08.S2.R33.B,2166322.98,6532039.14,0,Blue - White
08.S2.R33.C,2166293.37,6532039.14,0,Blue - White
08.S2.R33.D,2166259.62,6532039.14,0,Blue - White
08.S2.R33.E,2166225.87,6532039.14,0,Pink - White
08.S2.R33.F,2166192.12,6532039.14,0,Pink - White
08.S2.R33.G,2166159.85,6532039.14,0,Green
08.S2.R33.H,2166127.57,6532039.14,0,Pink - White
08.S2.R33.I,2166093.83,6532039.14,0,Pink - White
08.S2.R33.J,2166060.08,6532039.14,0,Blue - White
08.S2.R33.K,2166030.47,6532039.14,0,Blue - White
08.S2.R33.L,2166000.86,6532039.14,0,Blue - Black
08.S2.R34.A,2166353.07,6532057.14,0,Blue - Black
08.S2.R34.B,2166323.46,6532057.14,0,Blue - White
08.S2.R34.C,2166293.85,6532057.14,0,Blue - White
08.S2.R34.D,2166260.1,6532057.14,0,Blue - White
08.S2.R34.E,2166226.35,6532057.14,0,Pink - White
08.S2.R34.F,2166192.6,6532057.14,0,Pink - White
08.S2.R34.G,2166160.33,6532057.14,0,Green
08.S2.R34.H,2166128.06,6532057.14,0,Pink - White
08.S2.R34.I,2166094.31,6532057.14,0,Pink - White
08.S2.R34.J,2166060.56,6532057.14,0,Blue - White
08.S2.R34.K,2166030.95,6532057.14,0,Blue - White
08.S2.R34.L,2166001.34,6532057.14,0,Blue - Black
08.S1.R30.A,2166726.81,6531985.14,0,Pink - Black
08.S1.R30.B,2166697.2,6531985.14,0,Pink - Black
08.S1.R30.C,2166667.59,6531985.14,0,Pink - White
08.S1.R30.D,2166633.84,6531985.14,0,Pink - White
08.S1.R30.E,2166600.09,6531985.14,0,Green - White
08.S1.R30.F,2166566.34,6531985.14,0,Pink - White
08.S1.R30.G,2166534.07,6531985.14,0,Black
08.S1.R30.H,2166501.8,6531985.14,0,Pink - White
08.S1.R30.I,2166468.05,6531985.14,0,Pink - White
08.S1.R30.J,2166434.3,6531985.14,0,Pink - White
08.S1.R30.K,2166404.69,6531985.14,0,Pink - Black
08.S1.R30.L,2166375.08,6531985.14,0,Pink - Black
08.S1.R31.A,2166727.29,6532003.14,0,Pink - Black
08.S1.R31.B,2166697.68,6532003.14,0,Pink - Black
08.S1.R31.C,2166668.07,6532003.14,0,Pink - White
08.S1.R31.D,2166634.32,6532003.14,0,Pink - White
08.S1.R31.E,2166600.57,6532003.14,0,Green - White
08.S1.R31.F,2166566.82,6532003.14,0,Green - White
08.S1.R31.G,2166534.55,6532003.14,0,Orange - Black
08.S1.R31.H,2166502.28,6532003.14,0,Pink - White
08.S1.R31.I,2166468.53,6532003.14,0,Pink - White
08.S1.R31.J,2166434.78,6532003.14,0,Pink - White
08.S1.R31.K,2166405.17,6532003.14,0,Pink - Black
08.S1.R31.L,2166375.56,6532003.14,0,Pink - Black
08.S1.R32.A,2166727.77,6532021.14,0,Pink - Black
08.S1.R32.B,2166698.16,6532021.14,0,Pink - White
08.S1.R32.C,2166668.55,6532021.14,0,Blue - White
08.S1.R32.D,2166634.8,6532021.14,0,Blue - White
08.S1.R32.E,2166601.06,6532021.14,0,Pink - White
08.S1.R32.F,2166567.31,6532021.14,0,Pink - White
08.S1.R32.G,2166535.03,6532021.14,0,Green
08.S1.R32.H,2166502.76,6532021.14,0,Pink - Black
08.S1.R32.I,2166469.01,6532021.14,0,Pink - Black
08.S1.R32.J,2166435.27,6532021.14,0,Yellow - Black
08.S1.R32.K,2166405.65,6532021.14,0,Yellow - Black
08.S1.R32.L,2166376.04,6532021.14,0,Blue - Black
08.S1.R33.A,2166728.26,6532039.14,0,Pink - Black
08.S1.R33.B,2166698.65,6532039.14,0,Pink - White
08.S1.R33.C,2166669.03,6532039.14,0,Blue - White
08.S1.R33.D,2166635.29,6532039.14,0,Blue - White
08.S1.R33.E,2166601.54,6532039.14,0,Pink - White
08.S1.R33.F,2166567.79,6532039.14,0,Pink - White
08.S1.R33.G,2166535.52,6532039.14,0,Green
08.S1.R33.H,2166503.24,6532039.14,0,Pink - White
08.S1.R33.I,2166469.5,6532039.14,0,Pink - White
08.S1.R33.J,2166435.75,6532039.14,0,Blue - White
08.S1.R33.K,2166406.14,6532039.14,0,Blue - White
08.S1.R33.L,2166376.52,6532039.14,0,Blue - Black
08.S1.R34.A,2166728.74,6532057.14,0,Pink - Black
08.S1.R34.B,2166699.13,6532057.14,0,Pink - White
08.S1.R34.C,2166669.52,6532057.14,0,Blue - White
08.S1.R34.D,2166635.77,6532057.14,0,Blue - White
08.S1.R34.E,2166602.02,6532057.14,0,Pink - White
08.S1.R34.F,2166568.27,6532057.14,0,Pink - White
08.S1.R34.G,2166536,6532057.14,0,Green
08.S1.R34.H,2166503.73,6532057.14,0,Pink - White
08.S1.R34.I,2166469.98,6532057.14,0,Pink - White
08.S1.R34.J,2166436.23,6532057.14,0,Blue - White
08.S1.R34.K,2166406.62,6532057.14,0,Blue - White
08.S1.R34.L,2166377.01,6532057.14,0,Blue - Black
08.S1.R35.A,2166729.22,6532075.14,0,Pink - Black
08.S1.R35.B,2166699.61,6532075.14,0,Pink - White
08.S1.R35.C,2166670,6532075.14,0,Blue - White
08.S1.R35.D,2166636.25,6532075.14,0,Blue - White
08.S1.R35.E,2166602.5,6532075.14,0,Pink - White
08.S1.R35.F,2166568.75,6532075.14,0,Pink - White
08.S1.R35.G,2166536.48,6532075.14,0,Green
08.S1.R35.H,2166504.21,6532075.14,0,Pink - White
08.S1.R35.I,2166470.46,6532075.14,0,Pink - White
08.S1.R35.J,2166436.71,6532075.14,0,Blue - White
08.S1.R35.K,2166407.1,6532075.14,0,Blue - White
08.S1.R35.L,2166377.49,6532075.14,0,Blue - Black
08.S1.R36.A,2166729.7,6532093.14,0,Pink - Black
08.S1.R36.B,2166700.09,6532093.14,0,Pink - White
08.S1.R36.C,2166670.48,6532093.14,0,Blue - White
08.S1.R36.D,2166636.73,6532093.14,0,Blue - White
08.S1.R36.E,2166602.98,6532093.14,0,Pink - White
08.S1.R36.F,2166569.24,6532093.14,0,Pink - White
08.S1.R36.G,2166536.96,6532093.14,0,Green
08.S1.R36.H,2166504.69,6532093.14,0,Pink - White
08.S1.R36.I,2166470.94,6532093.14,0,Pink - White
08.S1.R36.J,2166437.19,6532093.14,0,Blue - White
08.S1.R36.K,2166407.58,6532093.14,0,Blue - White
08.S1.R36.L,2166377.97,6532093.14,0,Blue - Black
08.S1.R37.A,2166730.19,6532111.14,0,Pink - Black
08.S1.R37.B,2166700.57,6532111.14,0,Pink - White
08.S1.R37.C,2166670.96,6532111.14,0,Blue - White
08.S1.R37.D,2166637.22,6532111.14,0,Blue - White
08.S1.R37.E,2166603.47,6532111.14,0,Pink - White
08.S1.R37.F,2166569.72,6532111.14,0,Pink - White
08.S1.R37.G,2166537.45,6532111.14,0,Green
08.S1.R37.H,2166505.17,6532111.14,0,Pink - White
08.S1.R37.I,2166471.43,6532111.14,0,Pink - White
08.S1.R37.J,2166437.68,6532111.14,0,Blue - White
08.S1.R37.K,2166408.07,6532111.14,0,Blue - White
08.S1.R37.L,2166378.45,6532111.14,0,Blue - Black
08.S1.R38.A,2166730.67,6532129.14,0,Pink - Black
08.S1.R38.B,2166701.06,6532129.14,0,Pink - White
08.S1.R38.C,2166671.45,6532129.14,0,Blue - White
08.S1.R38.D,2166637.7,6532129.14,0,Blue - White
08.S1.R38.E,2166603.95,6532129.14,0,Pink - White
08.S1.R38.F,2166570.2,6532129.14,0,Pink - White
08.S1.R38.G,2166537.93,6532129.14,0,Green
08.S1.R38.H,2166505.66,6532129.14,0,Pink - White
08.S1.R38.I,2166471.91,6532129.14,0,Pink - White
08.S1.R38.J,2166438.16,6532129.14,0,Blue - White
08.S1.R38.K,2166408.55,6532129.14,0,Blue - White
08.S1.R38.L,2166378.94,6532129.14,0,Blue - Black
08.S1.R39.A,2166731.15,6532147.14,0,Pink - Black
08.S1.R39.B,2166701.54,6532147.14,0,Pink - White
08.S1.R39.C,2166671.93,6532147.14,0,Blue - White
08.S1.R39.D,2166638.18,6532147.14,0,Blue - White
08.S1.R39.E,2166604.43,6532147.14,0,Pink - White
08.S1.R39.F,2166570.68,6532147.14,0,Pink - White
08.S1.R39.G,2166538.41,6532147.14,0,Green
08.S1.R39.H,2166506.14,6532147.14,0,Pink - White
08.S1.R39.I,2166472.39,6532147.14,0,Pink - White
08.S1.R39.J,2166438.64,6532147.14,0,Blue - White
08.S1.R39.K,2166409.03,6532147.14,0,Blue - White
08.S1.R39.L,2166379.42,6532147.14,0,Blue - Black
08.S1.R40.A,2166731.63,6532165.14,0,Pink - Black
08.S1.R40.B,2166702.02,6532165.14,0,Pink - White
08.S1.R40.C,2166672.41,6532165.14,0,Blue - White
08.S1.R40.D,2166638.66,6532165.14,0,Blue - White
08.S1.R40.E,2166604.91,6532165.14,0,Pink - White
08.S1.R40.F,2166571.17,6532165.14,0,Pink - White
08.S1.R40.G,2166538.89,6532165.14,0,Green
08.S1.R40.H,2166506.62,6532165.14,0,Pink - White
08.S1.R40.I,2166472.87,6532165.14,0,Pink - White
08.S1.R40.J,2166439.12,6532165.14,0,Blue - White
08.S1.R40.K,2166409.51,6532165.14,0,Blue - White
08.S1.R40.L,2166379.9,6532165.14,0,Blue - Black
08.S1.R41.A,2166732.12,6532183.14,0,Pink - Black
08.S1.R41.B,2166702.5,6532183.14,0,Pink - White
08.S1.R41.C,2166672.89,6532183.14,0,Blue - White
08.S1.R41.D,2166639.14,6532183.14,0,Blue - White
08.S1.R41.E,2166605.4,6532183.14,0,Pink - White
08.S1.R41.F,2166571.65,6532183.14,0,Pink - White
08.S1.R41.G,2166539.38,6532183.14,0,Green
08.S1.R41.H,2166507.1,6532183.14,0,Pink - White
08.S1.R41.I,2166473.35,6532183.14,0,Pink - White
08.S1.R41.J,2166439.61,6532183.14,0,Blue - White
08.S1.R41.K,2166409.99,6532183.14,0,Blue - White
08.S1.R41.L,2166380.38,6532183.14,0,Blue - Black
08.S1.R42.A,2166732.6,6532201.14,0,Pink - Black
08.S1.R42.B,2166702.99,6532201.14,0,Pink - White
08.S1.R42.C,2166673.38,6532201.14,0,Blue - White
08.S1.R42.D,2166639.63,6532201.14,0,Blue - White
08.S1.R42.E,2166605.88,6532201.14,0,Pink - White
08.S1.R42.F,2166572.13,6532201.14,0,Pink - White
08.S1.R42.G,2166539.86,6532201.14,0,Green
08.S1.R42.H,2166507.59,6532201.14,0,Pink - White
08.S1.R42.I,2166473.84,6532201.14,0,Pink - White
08.S1.R42.J,2166440.09,6532201.14,0,Blue - White
08.S1.R42.K,2166410.48,6532201.14,0,Blue - White
08.S1.R42.L,2166380.87,6532201.14,0,Blue - Black
08.S1.R43.A,2166733.08,6532219.14,0,Pink - Black
08.S1.R43.B,2166703.47,6532219.14,0,Pink - White
08.S1.R43.C,2166673.86,6532219.14,0,Blue - White
08.S1.R43.D,2166640.11,6532219.14,0,Blue - White
08.S1.R43.E,2166606.36,6532219.14,0,Pink - White
08.S1.R43.F,2166572.61,6532219.14,0,Pink - White
08.S1.R43.G,2166540.34,6532219.14,0,Green
08.S1.R43.H,2166508.07,6532219.14,0,Pink - White
08.S1.R43.I,2166474.32,6532219.14,0,Pink - White
08.S1.R43.J,2166440.57,6532219.14,0,Blue - White
08.S1.R43.K,2166410.96,6532219.14,0,Blue - White
08.S1.R43.L,2166381.35,6532219.14,0,Blue - Black
08.S1.R44.A,2166733.56,6532237.14,0,Pink - Black
08.S1.R44.B,2166703.95,6532237.14,0,Pink - White
08.S1.R44.C,2166674.34,6532237.14,0,Blue - White
08.S1.R44.D,2166640.59,6532237.14,0,Blue - White
08.S1.R44.E,2166606.84,6532237.14,0,Pink - White
08.S1.R44.F,2166573.1,6532237.14,0,Pink - White
08.S1.R44.G,2166540.82,6532237.14,0,Green
08.S1.R44.H,2166508.55,6532237.14,0,Pink - White
08.S1.R44.I,2166474.8,6532237.14,0,Pink - White
08.S1.R44.J,2166441.05,6532237.14,0,Blue - White
08.S1.R44.K,2166411.44,6532237.14,0,Blue - White
08.S1.R44.L,2166381.83,6532237.14,0,Blue - Black
08.S1.R45.A,2166734.04,6532255.14,0,Pink - Black
08.S1.R45.B,2166704.43,6532255.14,0,Pink - White
08.S1.R45.C,2166674.82,6532255.14,0,Blue - White
08.S1.R45.D,2166641.07,6532255.14,0,Blue - White
08.S1.R45.E,2166607.33,6532255.14,0,Pink - White
08.S1.R45.F,2166573.58,6532255.14,0,Pink - White
08.S1.R45.G,2166541.3,6532255.14,0,Green
08.S1.R45.H,2166509.03,6532255.14,0,Pink - White
08.S1.R45.I,2166475.28,6532255.14,0,Pink - White
08.S1.R45.J,2166441.54,6532255.14,0,Blue - White
08.S1.R45.K,2166411.92,6532255.14,0,Blue - White
08.S1.R45.L,2166382.31,6532255.14,0,Blue - Black
08.S1.R46.A,2166734.53,6532273.14,0,Blue - Black
08.S1.R46.B,2166704.92,6532273.14,0,Blue - White
08.S1.R46.C,2166675.3,6532273.14,0,Blue - White
08.S1.R46.D,2166641.56,6532273.14,0,Blue - White
08.S1.R46.E,2166607.81,6532273.14,0,Pink - White
08.S1.R46.F,2166574.06,6532273.14,0,Pink - White
08.S1.R46.G,2166541.79,6532273.14,0,Green
08.S1.R46.H,2166509.51,6532273.14,0,Pink - White
08.S1.R46.I,2166475.77,6532273.14,0,Pink - White
08.S1.R46.J,2166442.02,6532273.14,0,Blue - White
08.S1.R46.K,2166412.41,6532273.14,0,Blue - White
08.S1.R46.L,2166382.8,6532273.14,0,Blue - Black
08.S1.R47.A,2166735.01,6532291.14,0,Blue - Black
08.S1.R47.B,2166705.4,6532291.14,0,Blue - White
08.S1.R47.C,2166675.79,6532291.14,0,Blue - White
08.S1.R47.D,2166642.04,6532291.14,0,Blue - White
08.S1.R47.E,2166608.29,6532291.14,0,Pink - White
08.S1.R47.F,2166574.54,6532291.14,0,Pink - White
08.S1.R47.G,2166542.27,6532291.14,0,Green
08.S1.R47.H,2166510,6532291.14,0,Pink - White
08.S1.R47.I,2166476.25,6532291.14,0,Pink - White
08.S1.R47.J,2166442.5,6532291.14,0,Blue - White
08.S1.R47.K,2166412.89,6532291.14,0,Blue - White
08.S1.R47.L,2166383.28,6532291.14,0,Blue - Black
08.S1.R48.A,2166735.49,6532309.14,0,Blue - Black
08.S1.R48.B,2166705.88,6532309.14,0,Blue - White
08.S1.R48.C,2166676.27,6532309.14,0,Blue - White
08.S1.R48.D,2166642.52,6532309.14,0,Blue - White
08.S1.R48.E,2166608.77,6532309.14,0,Pink - White
08.S1.R48.F,2166575.02,6532309.14,0,Pink - White
08.S1.R48.G,2166542.75,6532309.14,0,Green
08.S1.R48.H,2166510.48,6532309.14,0,Pink - White
08.S1.R48.I,2166476.73,6532309.14,0,Pink - White
08.S1.R48.J,2166442.98,6532309.14,0,Blue - White
08.S1.R48.K,2166413.37,6532309.14,0,Blue - White
08.S1.R48.L,2166383.76,6532309.14,0,Blue - Black
08.S1.R49.A,2166735.97,6532327.14,0,Blue - Black
08.S1.R49.B,2166706.36,6532327.14,0,Blue - White
08.S1.R49.C,2166676.75,6532327.14,0,Blue - White
08.S1.R49.D,2166643,6532327.14,0,Blue - White
08.S1.R49.E,2166609.26,6532327.14,0,Pink - White
08.S1.R49.F,2166575.51,6532327.14,0,Pink - White
08.S1.R49.G,2166543.23,6532327.14,0,Orange - Black
08.S1.R49.H,2166510.96,6532327.14,0,Pink - White
08.S1.R49.I,2166477.21,6532327.14,0,Pink - White
08.S1.R49.J,2166443.46,6532327.14,0,Blue - White
08.S1.R49.K,2166413.85,6532327.14,0,Blue - White
08.S1.R49.L,2166384.24,6532327.14,0,Blue - Black
08.S4.R05.A,2165556.74,6531535.14,0,Blue - Black
08.S4.R05.B,2165527.13,6531535.14,0,Blue - White
08.S4.R05.C,2165497.52,6531535.14,0,Blue - White
08.S4.R05.D,2165463.77,6531535.14,0,Blue - White
08.S4.R05.E,2165430.02,6531535.14,0,Pink - White
08.S4.R05.F,2165396.28,6531535.14,0,Pink - White
08.S4.R05.G,2165364,6531535.14,0,Green
08.S4.R05.H,2165331.73,6531535.14,0,Pink - White
08.S4.R05.I,2165297.98,6531535.14,0,Pink - White
08.S4.R05.J,2165264.23,6531535.14,0,Blue - White
08.S4.R05.K,2165234.62,6531535.14,0,Blue - White
08.S4.R05.L,2165205.01,6531535.14,0,Blue - Black
08.S4.R06.A,2165557.23,6531553.14,0,Blue - Black
08.S4.R06.B,2165527.61,6531553.14,0,Blue - White
08.S4.R06.C,2165498,6531553.14,0,Blue - White
08.S4.R06.D,2165464.26,6531553.14,0,Blue - White
08.S4.R06.E,2165430.51,6531553.14,0,Pink - White
08.S4.R06.F,2165396.76,6531553.14,0,Pink - White
08.S4.R06.G,2165364.49,6531553.14,0,Green
08.S4.R06.H,2165332.21,6531553.14,0,Pink - White
08.S4.R06.I,2165298.46,6531553.14,0,Pink - White
08.S4.R06.J,2165264.72,6531553.14,0,Blue - White
08.S4.R06.K,2165235.11,6531553.14,0,Blue - White
08.S4.R06.L,2165205.49,6531553.14,0,Blue - Black
08.S4.R07.A,2165557.71,6531571.14,0,Blue - Black
08.S4.R07.B,2165528.1,6531571.14,0,Blue - White
08.S4.R07.C,2165498.49,6531571.14,0,Blue - White
08.S4.R07.D,2165464.74,6531571.14,0,Blue - White
08.S4.R07.E,2165430.99,6531571.14,0,Pink - White
08.S4.R07.F,2165397.24,6531571.14,0,Pink - White
08.S4.R07.G,2165364.97,6531571.14,0,Green
08.S4.R07.H,2165332.7,6531571.14,0,Pink - White
08.S4.R07.I,2165298.95,6531571.14,0,Pink - White
08.S4.R07.J,2165265.2,6531571.14,0,Blue - White
08.S4.R07.K,2165235.59,6531571.14,0,Blue - White
08.S4.R07.L,2165205.98,6531571.14,0,Blue - Black
08.S4.R08.A,2165558.19,6531589.14,0,Blue - Black
08.S4.R08.B,2165528.58,6531589.14,0,Blue - White
08.S4.R08.C,2165498.97,6531589.14,0,Blue - White
08.S4.R08.D,2165465.22,6531589.14,0,Blue - White
08.S4.R08.E,2165431.47,6531589.14,0,Pink - White
08.S4.R08.F,2165397.72,6531589.14,0,Pink - White
08.S4.R08.G,2165365.45,6531589.14,0,Green
08.S4.R08.H,2165333.18,6531589.14,0,Pink - White
08.S4.R08.I,2165299.43,6531589.14,0,Pink - White
08.S4.R08.J,2165265.68,6531589.14,0,Blue - White
08.S4.R08.K,2165236.07,6531589.14,0,Blue - White
08.S4.R08.L,2165206.46,6531589.14,0,Blue - Black
08.S4.R09.A,2165558.67,6531607.14,0,Blue - Black
08.S4.R09.B,2165529.06,6531607.14,0,Blue - White
08.S4.R09.C,2165499.45,6531607.14,0,Blue - White
08.S4.R09.D,2165465.7,6531607.14,0,Blue - White
08.S4.R09.E,2165431.95,6531607.14,0,Pink - White
08.S4.R09.F,2165398.21,6531607.14,0,Pink - White
08.S4.R09.G,2165365.93,6531607.14,0,Green
08.S4.R09.H,2165333.66,6531607.14,0,Pink - White
08.S4.R09.I,2165299.91,6531607.14,0,Pink - White
08.S4.R09.J,2165266.16,6531607.14,0,Blue - White
08.S4.R09.K,2165236.55,6531607.14,0,Blue - White
08.S4.R09.L,2165206.94,6531607.14,0,Blue - Black
08.S4.R10.A,2165559.16,6531625.14,0,Blue - Black
08.S4.R10.B,2165529.54,6531625.14,0,Blue - White
08.S4.R10.C,2165499.93,6531625.14,0,Blue - White
08.S4.R10.D,2165466.18,6531625.14,0,Blue - White
08.S4.R10.E,2165432.44,6531625.14,0,Pink - White
08.S4.R10.F,2165398.69,6531625.14,0,Pink - White
08.S4.R10.G,2165366.42,6531625.14,0,Green
08.S4.R10.H,2165334.14,6531625.14,0,Pink - White
08.S4.R10.I,2165300.39,6531625.14,0,Pink - White
08.S4.R10.J,2165266.65,6531625.14,0,Blue - White
08.S4.R10.K,2165237.03,6531625.14,0,Blue - White
08.S4.R10.L,2165207.42,6531625.14,0,Blue - Black
08.S4.R11.A,2165559.64,6531643.14,0,Blue - Black
08.S4.R11.B,2165530.03,6531643.14,0,Blue - White
08.S4.R11.C,2165500.42,6531643.14,0,Blue - White
08.S4.R11.D,2165466.67,6531643.14,0,Blue - White
08.S4.R11.E,2165432.92,6531643.14,0,Pink - White
08.S4.R11.F,2165399.17,6531643.14,0,Pink - White
08.S4.R11.G,2165366.9,6531643.14,0,Green
08.S4.R11.H,2165334.63,6531643.14,0,Pink - White
08.S4.R11.I,2165300.88,6531643.14,0,Pink - White
08.S4.R11.J,2165267.13,6531643.14,0,Blue - White
08.S4.R11.K,2165237.52,6531643.14,0,Blue - White
08.S4.R11.L,2165207.91,6531643.14,0,Blue - Black
08.S4.R12.A,2165560.12,6531661.14,0,Blue - Black
08.S4.R12.B,2165530.51,6531661.14,0,Blue - White
08.S4.R12.C,2165500.9,6531661.14,0,Blue - White
08.S4.R12.D,2165467.15,6531661.14,0,Blue - White
08.S4.R12.E,2165433.4,6531661.14,0,Pink - White
08.S4.R12.F,2165399.65,6531661.14,0,Pink - White
08.S4.R12.G,2165367.38,6531661.14,0,Green
08.S4.R12.H,2165335.11,6531661.14,0,Pink - White
08.S4.R12.I,2165301.36,6531661.14,0,Pink - White
08.S4.R12.J,2165267.61,6531661.14,0,Blue - White
08.S4.R12.K,2165238,6531661.14,0,Blue - White
08.S4.R12.L,2165208.39,6531661.14,0,Blue - Black
08.S4.R13.A,2165560.6,6531679.14,0,Blue - Black
08.S4.R13.B,2165530.99,6531679.14,0,Blue - White
08.S4.R13.C,2165501.38,6531679.14,0,Blue - White
08.S4.R13.D,2165467.63,6531679.14,0,Blue - White
08.S4.R13.E,2165433.88,6531679.14,0,Pink - White
08.S4.R13.F,2165400.13,6531679.14,0,Pink - White
08.S4.R13.G,2165367.86,6531679.14,0,Green
08.S4.R13.H,2165335.59,6531679.14,0,Pink - White
08.S4.R13.I,2165301.84,6531679.14,0,Pink - White
08.S4.R13.J,2165268.09,6531679.14,0,Blue - White
08.S4.R13.K,2165238.48,6531679.14,0,Blue - White
08.S4.R13.L,2165208.87,6531679.14,0,Blue - Black
08.S4.R14.A,2165561.08,6531697.14,0,Blue - Black
08.S4.R14.B,2165531.47,6531697.14,0,Blue - White
08.S4.R14.C,2165501.86,6531697.14,0,Blue - White
08.S4.R14.D,2165468.11,6531697.14,0,Blue - White
08.S4.R14.E,2165434.37,6531697.14,0,Pink - White
08.S4.R14.F,2165400.62,6531697.14,0,Pink - White
08.S4.R14.G,2165368.34,6531697.14,0,Green
08.S4.R14.H,2165336.07,6531697.14,0,Pink - White
08.S4.R14.I,2165302.32,6531697.14,0,Pink - White
08.S4.R14.J,2165268.58,6531697.14,0,Blue - White
08.S4.R14.K,2165238.96,6531697.14,0,Blue - White
08.S4.R14.L,2165209.35,6531697.14,0,Blue - Black
08.S3.R05.A,2165932.41,6531535.14,0,Purple - Black
08.S3.R05.B,2165902.8,6531535.14,0,Purple - White
08.S3.R05.C,2165873.19,6531535.14,0,Blue - White
08.S3.R05.D,2165839.44,6531535.14,0,Blue - White
08.S3.R05.E,2165805.69,6531535.14,0,Pink - White
08.S3.R05.F,2165771.95,6531535.14,0,Pink - White
08.S3.R05.G,2165739.67,6531535.14,0,Green
08.S3.R05.H,2165707.4,6531535.14,0,Pink - White
08.S3.R05.I,2165673.65,6531535.14,0,Pink - White
08.S3.R05.J,2165639.9,6531535.14,0,Blue - White
08.S3.R05.K,2165610.29,6531535.14,0,Blue - White
08.S3.R05.L,2165580.68,6531535.14,0,Blue - Black
08.S3.R06.A,2165932.89,6531553.14,0,Purple - Black
08.S3.R06.B,2165903.28,6531553.14,0,Purple - White
08.S3.R06.C,2165873.67,6531553.14,0,Blue - White
08.S3.R06.D,2165839.92,6531553.14,0,Blue - White
08.S3.R06.E,2165806.18,6531553.14,0,Pink - White
08.S3.R06.F,2165772.43,6531553.14,0,Pink - White
08.S3.R06.G,2165740.15,6531553.14,0,Green
08.S3.R06.H,2165707.88,6531553.14,0,Pink - White
08.S3.R06.I,2165674.13,6531553.14,0,Pink - White
08.S3.R06.J,2165640.39,6531553.14,0,Blue - White
08.S3.R06.K,2165610.77,6531553.14,0,Blue - White
08.S3.R06.L,2165581.16,6531553.14,0,Blue - Black
08.S3.R07.A,2165933.38,6531571.14,0,Purple - Black
08.S3.R07.B,2165903.77,6531571.14,0,Purple - White
08.S3.R07.C,2165874.15,6531571.14,0,Blue - White
08.S3.R07.D,2165840.41,6531571.14,0,Blue - White
08.S3.R07.E,2165806.66,6531571.14,0,Pink - White
08.S3.R07.F,2165772.91,6531571.14,0,Pink - White
08.S3.R07.G,2165740.64,6531571.14,0,Green
08.S3.R07.H,2165708.36,6531571.14,0,Pink - White
08.S3.R07.I,2165674.62,6531571.14,0,Pink - White
08.S3.R07.J,2165640.87,6531571.14,0,Blue - White
08.S3.R07.K,2165611.26,6531571.14,0,Blue - White
08.S3.R07.L,2165581.65,6531571.14,0,Blue - Black
08.S3.R08.A,2165933.86,6531589.14,0,Purple - Black
08.S3.R08.B,2165904.25,6531589.14,0,Purple - White
08.S3.R08.C,2165874.64,6531589.14,0,Blue - White
08.S3.R08.D,2165840.89,6531589.14,0,Blue - White
08.S3.R08.E,2165807.14,6531589.14,0,Pink - White
08.S3.R08.F,2165773.39,6531589.14,0,Pink - White
08.S3.R08.G,2165741.12,6531589.14,0,Green
08.S3.R08.H,2165708.85,6531589.14,0,Pink - White
08.S3.R08.I,2165675.1,6531589.14,0,Pink - White
08.S3.R08.J,2165641.35,6531589.14,0,Blue - White
08.S3.R08.K,2165611.74,6531589.14,0,Blue - White
08.S3.R08.L,2165582.13,6531589.14,0,Blue - Black
08.S3.R09.A,2165934.34,6531607.14,0,Purple - Black
08.S3.R09.B,2165904.73,6531607.14,0,Purple - White
08.S3.R09.C,2165875.12,6531607.14,0,Blue - White
08.S3.R09.D,2165841.37,6531607.14,0,Blue - White
08.S3.R09.E,2165807.62,6531607.14,0,Pink - White
08.S3.R09.F,2165773.87,6531607.14,0,Pink - White
08.S3.R09.G,2165741.6,6531607.14,0,Green
08.S3.R09.H,2165709.33,6531607.14,0,Pink - White
08.S3.R09.I,2165675.58,6531607.14,0,Pink - White
08.S3.R09.J,2165641.83,6531607.14,0,Blue - White
08.S3.R09.K,2165612.22,6531607.14,0,Blue - White
08.S3.R09.L,2165582.61,6531607.14,0,Blue - Black
08.S3.R10.A,2165934.82,6531625.14,0,Purple - Black
08.S3.R10.B,2165905.21,6531625.14,0,Purple - White
08.S3.R10.C,2165875.6,6531625.14,0,Blue - White
08.S3.R10.D,2165841.85,6531625.14,0,Blue - White
08.S3.R10.E,2165808.11,6531625.14,0,Pink - White
08.S3.R10.F,2165774.36,6531625.14,0,Pink - White
08.S3.R10.G,2165742.08,6531625.14,0,Green
08.S3.R10.H,2165709.81,6531625.14,0,Pink - White
08.S3.R10.I,2165676.06,6531625.14,0,Pink - White
08.S3.R10.J,2165642.32,6531625.14,0,Blue - White
08.S3.R10.K,2165612.7,6531625.14,0,Blue - White
08.S3.R10.L,2165583.09,6531625.14,0,Blue - Black
08.S3.R11.A,2165935.31,6531643.14,0,Purple - Black
08.S3.R11.B,2165905.7,6531643.14,0,Purple - White
08.S3.R11.C,2165876.08,6531643.14,0,Blue - White
08.S3.R11.D,2165842.34,6531643.14,0,Blue - White
08.S3.R11.E,2165808.59,6531643.14,0,Pink - White
08.S3.R11.F,2165774.84,6531643.14,0,Pink - White
08.S3.R11.G,2165742.57,6531643.14,0,Green
08.S3.R11.H,2165710.29,6531643.14,0,Pink - White
08.S3.R11.I,2165676.55,6531643.14,0,Pink - White
08.S3.R11.J,2165642.8,6531643.14,0,Blue - White
08.S3.R11.K,2165613.19,6531643.14,0,Blue - White
08.S3.R11.L,2165583.57,6531643.14,0,Blue - Black
08.S3.R12.A,2165935.79,6531661.14,0,Purple - Black
08.S3.R12.B,2165906.18,6531661.14,0,Purple - White
08.S3.R12.C,2165876.57,6531661.14,0,Blue - White
08.S3.R12.D,2165842.82,6531661.14,0,Blue - White
08.S3.R12.E,2165809.07,6531661.14,0,Pink - White
08.S3.R12.F,2165775.32,6531661.14,0,Pink - White
08.S3.R12.G,2165743.05,6531661.14,0,Green
08.S3.R12.H,2165710.78,6531661.14,0,Pink - White
08.S3.R12.I,2165677.03,6531661.14,0,Pink - White
08.S3.R12.J,2165643.28,6531661.14,0,Blue - White
08.S3.R12.K,2165613.67,6531661.14,0,Blue - White
08.S3.R12.L,2165584.06,6531661.14,0,Blue - Black
08.S3.R13.A,2165936.27,6531679.14,0,Purple - Black
08.S3.R13.B,2165906.66,6531679.14,0,Purple - White
08.S3.R13.C,2165877.05,6531679.14,0,Blue - White
08.S3.R13.D,2165843.3,6531679.14,0,Blue - White
08.S3.R13.E,2165809.55,6531679.14,0,Pink - White
08.S3.R13.F,2165775.8,6531679.14,0,Pink - White
08.S3.R13.G,2165743.53,6531679.14,0,Green
08.S3.R13.H,2165711.26,6531679.14,0,Pink - White
08.S3.R13.I,2165677.51,6531679.14,0,Pink - White
08.S3.R13.J,2165643.76,6531679.14,0,Blue - White
08.S3.R13.K,2165614.15,6531679.14,0,Blue - White
08.S3.R13.L,2165584.54,6531679.14,0,Blue - Black
08.S3.R14.A,2165936.75,6531697.14,0,Purple - Black
08.S3.R14.B,2165907.14,6531697.14,0,Purple - White
08.S3.R14.C,2165877.53,6531697.14,0,Blue - White
08.S3.R14.D,2165843.78,6531697.14,0,Blue - White
08.S3.R14.E,2165810.03,6531697.14,0,Pink - White
08.S3.R14.F,2165776.29,6531697.14,0,Pink - White
08.S3.R14.G,2165744.01,6531697.14,0,Green
08.S3.R14.H,2165711.74,6531697.14,0,Pink - White
08.S3.R14.I,2165677.99,6531697.14,0,Pink - White
08.S3.R14.J,2165644.24,6531697.14,0,Blue - White
08.S3.R14.K,2165614.63,6531697.14,0,Blue - White
08.S3.R14.L,2165585.02,6531697.14,0,Blue - Black
08.S4.R01.A,2165554.81,6531463.14,0,Green - Black
08.S4.R01.B,2165525.2,6531463.14,0,Pink - Black
08.S4.R01.C,2165495.59,6531463.14,0,Pink - White
08.S4.R01.D,2165461.84,6531463.14,0,Pink - White
08.S4.R01.E,2165428.09,6531463.14,0,Pink - White
08.S4.R01.F,2165394.35,6531463.14,0,Pink - White
08.S4.R01.G,2165362.07,6531463.14,0,Black
08.S4.R01.H,2165329.8,6531463.14,0,Green - White
08.S4.R01.I,2165296.05,6531463.14,0,Green - White
08.S4.R01.J,2165262.3,6531463.14,0,Pink - White
08.S4.R01.K,2165232.69,6531463.14,0,Pink - Black
08.S4.R01.L,2165203.08,6531463.14,0,Pink - Black
08.S4.R02.A,2165555.3,6531481.14,0,Green - Black
08.S4.R02.B,2165525.69,6531481.14,0,Pink - Black
08.S4.R02.C,2165496.07,6531481.14,0,Pink - White
08.S4.R02.D,2165462.33,6531481.14,0,Pink - White
08.S4.R02.E,2165428.58,6531481.14,0,Pink - White
08.S4.R02.F,2165394.83,6531481.14,0,Pink - White
08.S4.R02.G,2165362.56,6531481.14,0,Orange - Black
08.S4.R02.H,2165330.28,6531481.14,0,Green - White
08.S4.R02.I,2165296.54,6531481.14,0,Pink - White
08.S4.R02.J,2165262.79,6531481.14,0,Pink - White
08.S4.R02.K,2165233.18,6531481.14,0,Pink - Black
08.S4.R02.L,2165203.56,6531481.14,0,Pink - Black
08.S4.R03.A,2165555.78,6531499.14,0,Blue - Black
08.S4.R03.B,2165526.17,6531499.14,0,Blue - White
08.S4.R03.C,2165496.56,6531499.14,0,Blue - White
08.S4.R03.D,2165462.81,6531499.14,0,Blue - White
08.S4.R03.E,2165429.06,6531499.14,0,Pink - White
08.S4.R03.F,2165395.31,6531499.14,0,Pink - White
08.S4.R03.G,2165363.04,6531499.14,0,Green
08.S4.R03.H,2165330.77,6531499.14,0,Pink - White
08.S4.R03.I,2165297.02,6531499.14,0,Pink - White
08.S4.R03.J,2165263.27,6531499.14,0,Blue - White
08.S4.R03.K,2165233.66,6531499.14,0,Blue - White
08.S4.R03.L,2165204.05,6531499.14,0,Blue - Black
08.S4.R04.A,2165556.26,6531517.14,0,Blue - Black
08.S4.R04.B,2165526.65,6531517.14,0,Blue - White
08.S4.R04.C,2165497.04,6531517.14,0,Blue - White
08.S4.R04.D,2165463.29,6531517.14,0,Blue - White
08.S4.R04.E,2165429.54,6531517.14,0,Pink - White
08.S4.R04.F,2165395.79,6531517.14,0,Pink - White
08.S4.R04.G,2165363.52,6531517.14,0,Green
08.S4.R04.H,2165331.25,6531517.14,0,Pink - White
08.S4.R04.I,2165297.5,6531517.14,0,Pink - White
08.S4.R04.J,2165263.75,6531517.14,0,Blue - White
08.S4.R04.K,2165234.14,6531517.14,0,Blue - White
08.S4.R04.L,2165204.53,6531517.14,0,Blue - Black
08.S3.R01.A,2165930.48,6531463.14,0,Green - Black
08.S3.R01.B,2165900.87,6531463.14,0,Green - Black
08.S3.R01.C,2165871.26,6531463.14,0,Pink - White
08.S3.R01.D,2165837.51,6531463.14,0,Pink - White
08.S3.R01.E,2165803.76,6531463.14,0,Pink - White
08.S3.R01.F,2165770.02,6531463.14,0,Pink - White
08.S3.R01.G,2165737.74,6531463.14,0,Black
08.S3.R01.H,2165705.47,6531463.14,0,Green - White
08.S3.R01.I,2165671.72,6531463.14,0,Green - White
08.S3.R01.J,2165637.97,6531463.14,0,Green - White
08.S3.R01.K,2165608.36,6531463.14,0,Pink - Black
08.S3.R01.L,2165578.75,6531463.14,0,Pink - Black
08.S3.R02.A,2165930.97,6531481.14,0,Green - Black
08.S3.R02.B,2165901.35,6531481.14,0,Green - Black
08.S3.R02.C,2165871.74,6531481.14,0,Green - White
08.S3.R02.D,2165837.99,6531481.14,0,Pink - White
08.S3.R02.E,2165804.25,6531481.14,0,Pink - White
08.S3.R02.F,2165770.5,6531481.14,0,Pink - White
08.S3.R02.G,2165738.23,6531481.14,0,Orange - Black
08.S3.R02.H,2165705.95,6531481.14,0,Green - White
08.S3.R02.I,2165672.2,6531481.14,0,Green - White
08.S3.R02.J,2165638.46,6531481.14,0,Green - White
08.S3.R02.K,2165608.85,6531481.14,0,Green - Black
08.S3.R02.L,2165579.23,6531481.14,0,Pink - Black
08.S3.R03.A,2165931.45,6531499.14,0,Pink - Black
08.S3.R03.B,2165901.84,6531499.14,0,Pink - White
08.S3.R03.C,2165872.23,6531499.14,0,Blue - White
08.S3.R03.D,2165838.48,6531499.14,0,Blue - White
08.S3.R03.E,2165804.73,6531499.14,0,Pink - White
08.S3.R03.F,2165770.98,6531499.14,0,Pink - White
08.S3.R03.G,2165738.71,6531499.14,0,Green
08.S3.R03.H,2165706.44,6531499.14,0,Pink - White
08.S3.R03.I,2165672.69,6531499.14,0,Pink - White
08.S3.R03.J,2165638.94,6531499.14,0,Blue - White
08.S3.R03.K,2165609.33,6531499.14,0,Blue - White
08.S3.R03.L,2165579.72,6531499.14,0,Blue - Black
08.S3.R04.A,2165931.93,6531517.14,0,Pink - Black
08.S3.R04.B,2165902.32,6531517.14,0,Pink - White
08.S3.R04.C,2165872.71,6531517.14,0,Blue - White
08.S3.R04.D,2165838.96,6531517.14,0,Blue - White
08.S3.R04.E,2165805.21,6531517.14,0,Pink - White
08.S3.R04.F,2165771.46,6531517.14,0,Pink - White
08.S3.R04.G,2165739.19,6531517.14,0,Green
08.S3.R04.H,2165706.92,6531517.14,0,Pink - White
08.S3.R04.I,2165673.17,6531517.14,0,Pink - White
08.S3.R04.J,2165639.42,6531517.14,0,Blue - White
08.S3.R04.K,2165609.81,6531517.14,0,Blue - White
08.S3.R04.L,2165580.2,6531517.14,0,Blue - Black
