ID,N,E,Z,Color
E4.09.S3.R07.A,2165571.21,6532075.14,0,Blue - Black
E4.09.S3.R07.B,2165541.6,6532075.14,0,Blue - White
E4.09.S3.R07.C,2165511.99,6532075.14,0,Blue - White
E4.09.S3.R07.D,2165478.24,6532075.14,0,Blue - White
E4.09.S3.R07.E,2165444.49,6532075.14,0,Pink - White
E4.09.S3.R07.F,2165410.75,6532075.14,0,Pink - White
E4.09.S3.R07.G,2165378.47,6532075.14,0,Green
E4.09.S3.R07.H,2165346.2,6532075.14,0,Pink - White
E4.09.S3.R07.I,2165312.45,6532075.14,0,Pink - White
E4.09.S3.R07.J,2165278.7,6532075.14,0,Blue - White
E4.09.S3.R07.K,2165249.09,6532075.14,0,Blue - White
E4.09.S3.R07.L,2165219.48,6532075.14,0,Blue - Black
E4.09.S3.R08.A,2165571.7,6532093.14,0,Blue - Black
E4.09.S3.R08.B,2165542.09,6532093.14,0,Blue - White
E4.09.S3.R08.C,2165512.47,6532093.14,0,Blue - White
E4.09.S3.R08.D,2165478.73,6532093.14,0,Blue - White
E4.09.S3.R08.E,2165444.98,6532093.14,0,Pink - White
E4.09.S3.R08.F,2165411.23,6532093.14,0,Pink - White
E4.09.S3.R08.G,2165378.96,6532093.14,0,Green
E4.09.S3.R08.H,2165346.68,6532093.14,0,Pink - White
E4.09.S3.R08.I,2165312.94,6532093.14,0,Pink - White
E4.09.S3.R08.J,2165279.19,6532093.14,0,Blue - White
E4.09.S3.R08.K,2165249.58,6532093.14,0,Blue - White
E4.09.S3.R08.L,2165219.96,6532093.14,0,Blue - Black
E4.09.S3.R09.A,2165572.18,6532111.14,0,Blue - Black
E4.09.S3.R09.B,2165542.57,6532111.14,0,Blue - White
E4.09.S3.R09.C,2165512.96,6532111.14,0,Blue - White
E4.09.S3.R09.D,2165479.21,6532111.14,0,Blue - White
E4.09.S3.R09.E,2165445.46,6532111.14,0,Pink - White
E4.09.S3.R09.F,2165411.71,6532111.14,0,Pink - White
E4.09.S3.R09.G,2165379.44,6532111.14,0,Green
E4.09.S3.R09.H,2165347.17,6532111.14,0,Pink - White
E4.09.S3.R09.I,2165313.42,6532111.14,0,Pink - White
E4.09.S3.R09.J,2165279.67,6532111.14,0,Blue - White
E4.09.S3.R09.K,2165250.06,6532111.14,0,Blue - White
E4.09.S3.R09.L,2165220.45,6532111.14,0,Blue - Black
E4.09.S3.R10.A,2165572.66,6532129.14,0,Blue - Black
E4.09.S3.R10.B,2165543.05,6532129.14,0,Blue - White
E4.09.S3.R10.C,2165513.44,6532129.14,0,Blue - White
E4.09.S3.R10.D,2165479.69,6532129.14,0,Blue - White
E4.09.S3.R10.E,2165445.94,6532129.14,0,Pink - White
E4.09.S3.R10.F,2165412.19,6532129.14,0,Pink - White
E4.09.S3.R10.G,2165379.92,6532129.14,0,Green
E4.09.S3.R10.H,2165347.65,6532129.14,0,Pink - White
E4.09.S3.R10.I,2165313.9,6532129.14,0,Pink - White
E4.09.S3.R10.J,2165280.15,6532129.14,0,Blue - White
E4.09.S3.R10.K,2165250.54,6532129.14,0,Blue - White
E4.09.S3.R10.L,2165220.93,6532129.14,0,Blue - Black
E4.09.S3.R11.A,2165573.14,6532147.14,0,Blue - Black
E4.09.S3.R11.B,2165543.53,6532147.14,0,Blue - White
E4.09.S3.R11.C,2165513.92,6532147.14,0,Blue - White
E4.09.S3.R11.D,2165480.17,6532147.14,0,Blue - White
E4.09.S3.R11.E,2165446.42,6532147.14,0,Pink - White
E4.09.S3.R11.F,2165412.68,6532147.14,0,Pink - White
E4.09.S3.R11.G,2165380.4,6532147.14,0,Green
E4.09.S3.R11.H,2165348.13,6532147.14,0,Pink - White
E4.09.S3.R11.I,2165314.38,6532147.14,0,Pink - White
E4.09.S3.R11.J,2165280.63,6532147.14,0,Blue - White
E4.09.S3.R11.K,2165251.02,6532147.14,0,Blue - White
E4.09.S3.R11.L,2165221.41,6532147.14,0,Blue - Black
E4.09.S3.R12.A,2165573.63,6532165.14,0,Blue - Black
E4.09.S3.R12.B,2165544.01,6532165.14,0,Blue - White
E4.09.S3.R12.C,2165514.4,6532165.14,0,Blue - White
E4.09.S3.R12.D,2165480.65,6532165.14,0,Blue - White
E4.09.S3.R12.E,2165446.91,6532165.14,0,Pink - White
E4.09.S3.R12.F,2165413.16,6532165.14,0,Pink - White
E4.09.S3.R12.G,2165380.89,6532165.14,0,Green
E4.09.S3.R12.H,2165348.61,6532165.14,0,Pink - White
E4.09.S3.R12.I,2165314.86,6532165.14,0,Pink - White
E4.09.S3.R12.J,2165281.12,6532165.14,0,Blue - White
E4.09.S3.R12.K,2165251.51,6532165.14,0,Blue - White
E4.09.S3.R12.L,2165221.89,6532165.14,0,Blue - Black
E4.09.S3.R13.A,2165574.11,6532183.14,0,Blue - Black
E4.09.S3.R13.B,2165544.5,6532183.14,0,Blue - White
E4.09.S3.R13.C,2165514.89,6532183.14,0,Blue - White
E4.09.S3.R13.D,2165481.14,6532183.14,0,Blue - White
E4.09.S3.R13.E,2165447.39,6532183.14,0,Pink - White
E4.09.S3.R13.F,2165413.64,6532183.14,0,Pink - White
E4.09.S3.R13.G,2165381.37,6532183.14,0,Green
E4.09.S3.R13.H,2165349.1,6532183.14,0,Pink - White
E4.09.S3.R13.I,2165315.35,6532183.14,0,Pink - White
E4.09.S3.R13.J,2165281.6,6532183.14,0,Blue - White
E4.09.S3.R13.K,2165251.99,6532183.14,0,Blue - White
E4.09.S3.R13.L,2165222.38,6532183.14,0,Blue - Black
E4.09.S3.R14.A,2165574.59,6532201.14,0,Blue - Black
E4.09.S3.R14.B,2165544.98,6532201.14,0,Blue - White
E4.09.S3.R14.C,2165515.37,6532201.14,0,Blue - White
E4.09.S3.R14.D,2165481.62,6532201.14,0,Blue - White
E4.09.S3.R14.E,2165447.87,6532201.14,0,Pink - White
E4.09.S3.R14.F,2165414.12,6532201.14,0,Pink - White
E4.09.S3.R14.G,2165381.85,6532201.14,0,Green
E4.09.S3.R14.H,2165349.58,6532201.14,0,Pink - White
E4.09.S3.R14.I,2165315.83,6532201.14,0,Pink - White
E4.09.S3.R14.J,2165282.08,6532201.14,0,Blue - White
E4.09.S3.R14.K,2165252.47,6532201.14,0,Blue - White
E4.09.S3.R14.L,2165222.86,6532201.14,0,Blue - Black
E4.09.S3.R15.A,2165575.07,6532219.14,0,Blue - Black
E4.09.S3.R15.B,2165545.46,6532219.14,0,Blue - White
E4.09.S3.R15.C,2165515.85,6532219.14,0,Blue - White
E4.09.S3.R15.D,2165482.1,6532219.14,0,Blue - White
E4.09.S3.R15.E,2165448.35,6532219.14,0,Pink - White
E4.09.S3.R15.F,2165414.61,6532219.14,0,Pink - White
E4.09.S3.R15.G,2165382.33,6532219.14,0,Green
E4.09.S3.R15.H,2165350.06,6532219.14,0,Pink - White
E4.09.S3.R15.I,2165316.31,6532219.14,0,Pink - White
E4.09.S3.R15.J,2165282.56,6532219.14,0,Blue - White
E4.09.S3.R15.K,2165252.95,6532219.14,0,Blue - White
E4.09.S3.R15.L,2165223.34,6532219.14,0,Blue - Black
E4.09.S3.R16.A,2165575.56,6532237.14,0,Blue - Black
E4.09.S3.R16.B,2165545.94,6532237.14,0,Blue - White
E4.09.S3.R16.C,2165516.33,6532237.14,0,Blue - White
E4.09.S3.R16.D,2165482.58,6532237.14,0,Blue - White
E4.09.S3.R16.E,2165448.84,6532237.14,0,Pink - White
E4.09.S3.R16.F,2165415.09,6532237.14,0,Pink - White
E4.09.S3.R16.G,2165382.82,6532237.14,0,Green
E4.09.S3.R16.H,2165350.54,6532237.14,0,Pink - White
E4.09.S3.R16.I,2165316.79,6532237.14,0,Pink - White
E4.09.S3.R16.J,2165283.05,6532237.14,0,Blue - White
E4.09.S3.R16.K,2165253.43,6532237.14,0,Blue - White
E4.09.S3.R16.L,2165223.82,6532237.14,0,Blue - Black
E4.09.S3.R17.A,2165576.04,6532255.14,0,Blue - Black
E4.09.S3.R17.B,2165546.43,6532255.14,0,Blue - White
E4.09.S3.R17.C,2165516.82,6532255.14,0,Blue - White
E4.09.S3.R17.D,2165483.07,6532255.14,0,Blue - White
E4.09.S3.R17.E,2165449.32,6532255.14,0,Pink - White
E4.09.S3.R17.F,2165415.57,6532255.14,0,Pink - White
E4.09.S3.R17.G,2165383.3,6532255.14,0,Green
E4.09.S3.R17.H,2165351.02,6532255.14,0,Pink - White
E4.09.S3.R17.I,2165317.28,6532255.14,0,Pink - White
E4.09.S3.R17.J,2165283.53,6532255.14,0,Blue - White
E4.09.S3.R17.K,2165253.92,6532255.14,0,Blue - White
E4.09.S3.R17.L,2165224.31,6532255.14,0,Blue - Black
E4.09.S3.R18.A,2165576.52,6532273.14,0,Blue - Black
E4.09.S3.R18.B,2165546.91,6532273.14,0,Blue - White
E4.09.S3.R18.C,2165517.3,6532273.14,0,Blue - White
E4.09.S3.R18.D,2165483.55,6532273.14,0,Blue - White
E4.09.S3.R18.E,2165449.8,6532273.14,0,Pink - White
E4.09.S3.R18.F,2165416.05,6532273.14,0,Pink - White
E4.09.S3.R18.G,2165383.78,6532273.14,0,Green
E4.09.S3.R18.H,2165351.51,6532273.14,0,Pink - White
E4.09.S3.R18.I,2165317.76,6532273.14,0,Pink - White
E4.09.S3.R18.J,2165284.01,6532273.14,0,Blue - White
E4.09.S3.R18.K,2165254.4,6532273.14,0,Blue - White
E4.09.S3.R18.L,2165224.79,6532273.14,0,Blue - Black
E4.09.S3.R19.A,2165577,6532291.14,0,Blue - Black
E4.09.S3.R19.B,2165547.39,6532291.14,0,Blue - White
E4.09.S3.R19.C,2165517.78,6532291.14,0,Blue - White
E4.09.S3.R19.D,2165484.03,6532291.14,0,Blue - White
E4.09.S3.R19.E,2165450.28,6532291.14,0,Pink - White
E4.09.S3.R19.F,2165416.53,6532291.14,0,Pink - White
E4.09.S3.R19.G,2165384.26,6532291.14,0,Green
E4.09.S3.R19.H,2165351.99,6532291.14,0,Pink - White
E4.09.S3.R19.I,2165318.24,6532291.14,0,Pink - White
E4.09.S3.R19.J,2165284.49,6532291.14,0,Blue - White
E4.09.S3.R19.K,2165254.88,6532291.14,0,Blue - White
E4.09.S3.R19.L,2165225.27,6532291.14,0,Blue - Black
E4.09.S3.R20.A,2165577.48,6532309.14,0,Blue - Black
E4.09.S3.R20.B,2165547.87,6532309.14,0,Yellow - Black
E4.09.S3.R20.C,2165518.26,6532309.14,0,Yellow - Black
E4.09.S3.R20.D,2165484.51,6532309.14,0,Yellow - Black
E4.09.S3.R20.E,2165450.77,6532309.14,0,Pink - Black
E4.09.S3.R20.F,2165417.02,6532309.14,0,Pink - Black
E4.09.S3.R20.G,2165384.74,6532309.14,0,Green
E4.09.S3.R20.H,2165352.47,6532309.14,0,Pink - White
E4.09.S3.R20.I,2165318.72,6532309.14,0,Pink - White
E4.09.S3.R20.J,2165284.98,6532309.14,0,Blue - White
E4.09.S3.R20.K,2165255.36,6532309.14,0,Blue - White
E4.09.S3.R20.L,2165225.75,6532309.14,0,Blue - Black
E4.09.S3.R21.A,2165577.97,6532327.14,0,Blue - Black
E4.09.S3.R21.B,2165548.36,6532327.14,0,Blue - White
E4.09.S3.R21.C,2165518.74,6532327.14,0,Blue - White
E4.09.S3.R21.D,2165485,6532327.14,0,Blue - White
E4.09.S3.R21.E,2165451.25,6532327.14,0,Pink - White
E4.09.S3.R21.F,2165417.5,6532327.14,0,Pink - White
E4.09.S3.R21.G,2165385.23,6532327.14,0,Green
E4.09.S3.R21.H,2165352.95,6532327.14,0,Pink - White
E4.09.S3.R21.I,2165319.21,6532327.14,0,Pink - White
E4.09.S3.R21.J,2165285.46,6532327.14,0,Blue - White
E4.09.S3.R21.K,2165255.85,6532327.14,0,Blue - White
E4.09.S3.R21.L,2165226.24,6532327.14,0,Blue - Black
E4.09.S3.R22.A,2165578.45,6532345.14,0,Blue - Black
E4.09.S3.R22.B,2165548.84,6532345.14,0,Blue - White
E4.09.S3.R22.C,2165519.23,6532345.14,0,Blue - White
E4.09.S3.R22.D,2165485.48,6532345.14,0,Blue - White
E4.09.S3.R22.E,2165451.73,6532345.14,0,Pink - White
E4.09.S3.R22.F,2165417.98,6532345.14,0,Pink - White
E4.09.S3.R22.G,2165385.71,6532345.14,0,Green
E4.09.S3.R22.H,2165353.44,6532345.14,0,Pink - White
E4.09.S3.R22.I,2165319.69,6532345.14,0,Pink - White
E4.09.S3.R22.J,2165285.94,6532345.14,0,Blue - White
E4.09.S3.R22.K,2165256.33,6532345.14,0,Blue - White
E4.09.S3.R22.L,2165226.72,6532345.14,0,Blue - Black
E4.09.S3.R23.A,2165578.93,6532363.14,0,Blue - Black
E4.09.S3.R23.B,2165549.32,6532363.14,0,Blue - White
E4.09.S3.R23.C,2165519.71,6532363.14,0,Blue - White
E4.09.S3.R23.D,2165485.96,6532363.14,0,Blue - White
E4.09.S3.R23.E,2165452.21,6532363.14,0,Pink - White
E4.09.S3.R23.F,2165418.46,6532363.14,0,Pink - White
E4.09.S3.R23.G,2165386.19,6532363.14,0,Green
E4.09.S3.R23.H,2165353.92,6532363.14,0,Pink - White
E4.09.S3.R23.I,2165320.17,6532363.14,0,Pink - White
E4.09.S3.R23.J,2165286.42,6532363.14,0,Blue - White
E4.09.S3.R23.K,2165256.81,6532363.14,0,Blue - White
E4.09.S3.R23.L,2165227.2,6532363.14,0,Blue - Black
E4.09.S3.R24.A,2165579.41,6532381.14,0,Blue - Black
E4.09.S3.R24.B,2165549.8,6532381.14,0,Blue - White
E4.09.S3.R24.C,2165520.19,6532381.14,0,Blue - White
E4.09.S3.R24.D,2165486.44,6532381.14,0,Blue - White
E4.09.S3.R24.E,2165452.69,6532381.14,0,Pink - White
E4.09.S3.R24.F,2165418.95,6532381.14,0,Pink - White
E4.09.S3.R24.G,2165386.67,6532381.14,0,Green
E4.09.S3.R24.H,2165354.4,6532381.14,0,Pink - White
E4.09.S3.R24.I,2165320.65,6532381.14,0,Pink - White
E4.09.S3.R24.J,2165286.9,6532381.14,0,Blue - White
E4.09.S3.R24.K,2165257.29,6532381.14,0,Blue - White
E4.09.S3.R24.L,2165227.68,6532381.14,0,Blue - Black
E4.09.S3.R25.A,2165579.9,6532399.14,0,Blue - Black
E4.09.S3.R25.B,2165550.29,6532399.14,0,Blue - White
E4.09.S3.R25.C,2165520.67,6532399.14,0,Blue - White
E4.09.S3.R25.D,2165486.93,6532399.14,0,Blue - White
E4.09.S3.R25.E,2165453.18,6532399.14,0,Pink - White
E4.09.S3.R25.F,2165419.43,6532399.14,0,Pink - White
E4.09.S3.R25.G,2165387.16,6532399.14,0,Green
E4.09.S3.R25.H,2165354.88,6532399.14,0,Pink - White
E4.09.S3.R25.I,2165321.14,6532399.14,0,Pink - White
E4.09.S3.R25.J,2165287.39,6532399.14,0,Blue - White
E4.09.S3.R25.K,2165257.78,6532399.14,0,Blue - White
E4.09.S3.R25.L,2165228.16,6532399.14,0,Blue - Black
E4.09.S3.R26.A,2165580.38,6532417.14,0,Blue - Black
E4.09.S3.R26.B,2165550.77,6532417.14,0,Blue - White
E4.09.S3.R26.C,2165521.16,6532417.14,0,Blue - White
E4.09.S3.R26.D,2165487.41,6532417.14,0,Blue - White
E4.09.S3.R26.E,2165453.66,6532417.14,0,Pink - White
E4.09.S3.R26.F,2165419.91,6532417.14,0,Pink - White
E4.09.S3.R26.G,2165387.64,6532417.14,0,Green
E4.09.S3.R26.H,2165355.37,6532417.14,0,Pink - White
E4.09.S3.R26.I,2165321.62,6532417.14,0,Pink - White
E4.09.S3.R26.J,2165287.87,6532417.14,0,Blue - White
E4.09.S3.R26.K,2165258.26,6532417.14,0,Blue - White
E4.09.S3.R26.L,2165228.65,6532417.14,0,Blue - Black
E4.09.S3.R27.A,2165580.86,6532435.14,0,Blue - Black
E4.09.S3.R27.B,2165551.25,6532435.14,0,Blue - White
E4.09.S3.R27.C,2165521.64,6532435.14,0,Blue - White
E4.09.S3.R27.D,2165487.89,6532435.14,0,Blue - White
E4.09.S3.R27.E,2165454.14,6532435.14,0,Pink - White
E4.09.S3.R27.F,2165420.39,6532435.14,0,Pink - White
E4.09.S3.R27.G,2165388.12,6532435.14,0,Green
E4.09.S3.R27.H,2165355.85,6532435.14,0,Pink - White
E4.09.S3.R27.I,2165322.1,6532435.14,0,Pink - White
E4.09.S3.R27.J,2165288.35,6532435.14,0,Blue - White
E4.09.S3.R27.K,2165258.74,6532435.14,0,Blue - White
E4.09.S3.R27.L,2165229.13,6532435.14,0,Blue - Black
E4.09.S3.R28.A,2165581.34,6532453.14,0,Blue - Black
E4.09.S3.R28.B,2165551.73,6532453.14,0,Blue - White
E4.09.S3.R28.C,2165522.12,6532453.14,0,Blue - White
E4.09.S3.R28.D,2165488.37,6532453.14,0,Blue - White
E4.09.S3.R28.E,2165454.62,6532453.14,0,Pink - White
E4.09.S3.R28.F,2165420.88,6532453.14,0,Pink - White
E4.09.S3.R28.G,2165388.6,6532453.14,0,Green
E4.09.S3.R28.H,2165356.33,6532453.14,0,Pink - White
E4.09.S3.R28.I,2165322.58,6532453.14,0,Pink - White
E4.09.S3.R28.J,2165288.83,6532453.14,0,Blue - White
E4.09.S3.R28.K,2165259.22,6532453.14,0,Blue - White
E4.09.S3.R28.L,2165229.61,6532453.14,0,Blue - Black
E4.09.S3.R29.A,2165581.83,6532471.14,0,Blue - Black
E4.09.S3.R29.B,2165552.21,6532471.14,0,Blue - White
E4.09.S3.R29.C,2165522.6,6532471.14,0,Blue - White
E4.09.S3.R29.D,2165488.85,6532471.14,0,Blue - White
E4.09.S3.R29.E,2165455.11,6532471.14,0,Pink - White
E4.09.S3.R29.F,2165421.36,6532471.14,0,Pink - White
E4.09.S3.R29.G,2165389.09,6532471.14,0,Green
E4.09.S3.R29.H,2165356.81,6532471.14,0,Pink - White
E4.09.S3.R29.I,2165323.06,6532471.14,0,Pink - White
E4.09.S3.R29.J,2165289.32,6532471.14,0,Blue - White
E4.09.S3.R29.K,2165259.71,6532471.14,0,Blue - White
E4.09.S3.R29.L,2165230.09,6532471.14,0,Blue - Black
E4.09.S3.R30.A,2165582.31,6532489.14,0,Blue - Black
E4.09.S3.R30.B,2165552.7,6532489.14,0,Blue - White
E4.09.S3.R30.C,2165523.09,6532489.14,0,Blue - White
E4.09.S3.R30.D,2165489.34,6532489.14,0,Blue - White
E4.09.S3.R30.E,2165455.59,6532489.14,0,Pink - White
E4.09.S3.R30.F,2165421.84,6532489.14,0,Pink - White
E4.09.S3.R30.G,2165389.57,6532489.14,0,Green
E4.09.S3.R30.H,2165357.3,6532489.14,0,Pink - White
E4.09.S3.R30.I,2165323.55,6532489.14,0,Pink - White
E4.09.S3.R30.J,2165289.8,6532489.14,0,Blue - White
E4.09.S3.R30.K,2165260.19,6532489.14,0,Blue - White
E4.09.S3.R30.L,2165230.58,6532489.14,0,Blue - Black
E4.09.S3.R31.A,2165582.79,6532507.14,0,Blue - Black
E4.09.S3.R31.B,2165553.18,6532507.14,0,Blue - White
E4.09.S3.R31.C,2165523.57,6532507.14,0,Blue - White
E4.09.S3.R31.D,2165489.82,6532507.14,0,Blue - White
E4.09.S3.R31.E,2165456.07,6532507.14,0,Pink - White
E4.09.S3.R31.F,2165422.32,6532507.14,0,Pink - White
E4.09.S3.R31.G,2165390.05,6532507.14,0,Green
E4.09.S3.R31.H,2165357.78,6532507.14,0,Pink - White
E4.09.S3.R31.I,2165324.03,6532507.14,0,Pink - White
E4.09.S3.R31.J,2165290.28,6532507.14,0,Blue - White
E4.09.S3.R31.K,2165260.67,6532507.14,0,Blue - White
E4.09.S3.R31.L,2165231.06,6532507.14,0,Blue - Black
E4.09.S3.R32.A,2165583.27,6532525.14,0,Blue - Black
E4.09.S3.R32.B,2165553.66,6532525.14,0,Blue - White
E4.09.S3.R32.C,2165524.05,6532525.14,0,Blue - White
E4.09.S3.R32.D,2165490.3,6532525.14,0,Blue - White
E4.09.S3.R32.E,2165456.55,6532525.14,0,Pink - White
E4.09.S3.R32.F,2165422.81,6532525.14,0,Pink - White
E4.09.S3.R32.G,2165390.53,6532525.14,0,Green
E4.09.S3.R32.H,2165358.26,6532525.14,0,Pink - White
E4.09.S3.R32.I,2165324.51,6532525.14,0,Pink - White
E4.09.S3.R32.J,2165290.76,6532525.14,0,Blue - White
E4.09.S3.R32.K,2165261.15,6532525.14,0,Blue - White
E4.09.S3.R32.L,2165231.54,6532525.14,0,Blue - Black
E4.09.S3.R33.A,2165583.76,6532543.14,0,Blue - Black
E4.09.S3.R33.B,2165554.14,6532543.14,0,Blue - White
E4.09.S3.R33.C,2165524.53,6532543.14,0,Blue - White
E4.09.S3.R33.D,2165490.78,6532543.14,0,Blue - White
E4.09.S3.R33.E,2165457.04,6532543.14,0,Pink - White
E4.09.S3.R33.F,2165423.29,6532543.14,0,Pink - White
E4.09.S3.R33.G,2165391.02,6532543.14,0,Green
E4.09.S3.R33.H,2165358.74,6532543.14,0,Pink - White
E4.09.S3.R33.I,2165324.99,6532543.14,0,Pink - White
E4.09.S3.R33.J,2165291.25,6532543.14,0,Blue - White
E4.09.S3.R33.K,2165261.63,6532543.14,0,Blue - White
E4.09.S3.R33.L,2165232.02,6532543.14,0,Blue - Black
E4.09.S3.R34.A,2165584.24,6532561.14,0,Blue - Black
E4.09.S3.R34.B,2165554.63,6532561.14,0,Blue - White
E4.09.S3.R34.C,2165525.01,6532561.14,0,Blue - White
E4.09.S3.R34.D,2165491.27,6532561.14,0,Blue - White
E4.09.S3.R34.E,2165457.52,6532561.14,0,Pink - White
E4.09.S3.R34.F,2165423.77,6532561.14,0,Pink - White
E4.09.S3.R34.G,2165391.5,6532561.14,0,Green
E4.09.S3.R34.H,2165359.22,6532561.14,0,Pink - White
E4.09.S3.R34.I,2165325.48,6532561.14,0,Pink - White
E4.09.S3.R34.J,2165291.73,6532561.14,0,Blue - White
E4.09.S3.R34.K,2165262.12,6532561.14,0,Blue - White
E4.09.S3.R34.L,2165232.51,6532561.14,0,Blue - Black
E4.09.S2.R01.A,2165943.99,6531967.14,0,Blue - Black
E4.09.S2.R01.B,2165914.38,6531967.14,0,Blue - White
E4.09.S2.R01.C,2165884.77,6531967.14,0,Blue - White
E4.09.S2.R01.D,2165851.02,6531967.14,0,Blue - White
E4.09.S2.R01.E,2165817.27,6531967.14,0,Pink - White
E4.09.S2.R01.F,2165783.52,6531967.14,0,Pink - White
E4.09.S2.R01.G,2165751.25,6531967.14,0,Green
E4.09.S2.R01.H,2165718.98,6531967.14,0,Pink - White
E4.09.S2.R01.I,2165685.23,6531967.14,0,Pink - White
E4.09.S2.R01.J,2165651.48,6531967.14,0,Blue - White
E4.09.S2.R01.K,2165621.87,6531967.14,0,Blue - White
E4.09.S2.R01.L,2165592.26,6531967.14,0,Blue - Black
E4.09.S2.R02.A,2165944.47,6531985.14,0,Blue - Black
E4.09.S2.R02.B,2165914.86,6531985.14,0,Blue - White
E4.09.S2.R02.C,2165885.25,6531985.14,0,Blue - White
E4.09.S2.R02.D,2165851.5,6531985.14,0,Blue - White
E4.09.S2.R02.E,2165817.75,6531985.14,0,Pink - White
E4.09.S2.R02.F,2165784,6531985.14,0,Pink - White
E4.09.S2.R02.G,2165751.73,6531985.14,0,Green
E4.09.S2.R02.H,2165719.46,6531985.14,0,Pink - White
E4.09.S2.R02.I,2165685.71,6531985.14,0,Pink - White
E4.09.S2.R02.J,2165651.96,6531985.14,0,Blue - White
E4.09.S2.R02.K,2165622.35,6531985.14,0,Blue - White
E4.09.S2.R02.L,2165592.74,6531985.14,0,Blue - Black
E4.09.S2.R03.A,2165944.95,6532003.14,0,Blue - Black
E4.09.S2.R03.B,2165915.34,6532003.14,0,Blue - White
E4.09.S2.R03.C,2165885.73,6532003.14,0,Blue - White
E4.09.S2.R03.D,2165851.98,6532003.14,0,Blue - White
E4.09.S2.R03.E,2165818.23,6532003.14,0,Pink - White
E4.09.S2.R03.F,2165784.49,6532003.14,0,Pink - White
E4.09.S2.R03.G,2165752.21,6532003.14,0,Green
E4.09.S2.R03.H,2165719.94,6532003.14,0,Pink - White
E4.09.S2.R03.I,2165686.19,6532003.14,0,Pink - White
E4.09.S2.R03.J,2165652.44,6532003.14,0,Blue - White
E4.09.S2.R03.K,2165622.83,6532003.14,0,Blue - White
E4.09.S2.R03.L,2165593.22,6532003.14,0,Blue - Black
E4.09.S2.R04.A,2165945.44,6532021.14,0,Blue - Black
E4.09.S2.R04.B,2165915.82,6532021.14,0,Blue - White
E4.09.S2.R04.C,2165886.21,6532021.14,0,Blue - White
E4.09.S2.R04.D,2165852.47,6532021.14,0,Blue - White
E4.09.S2.R04.E,2165818.72,6532021.14,0,Pink - White
E4.09.S2.R04.F,2165784.97,6532021.14,0,Pink - White
E4.09.S2.R04.G,2165752.7,6532021.14,0,Green
E4.09.S2.R04.H,2165720.42,6532021.14,0,Pink - White
E4.09.S2.R04.I,2165686.68,6532021.14,0,Pink - White
E4.09.S2.R04.J,2165652.93,6532021.14,0,Blue - White
E4.09.S2.R04.K,2165623.32,6532021.14,0,Blue - White
E4.09.S2.R04.L,2165593.7,6532021.14,0,Blue - Black
E4.09.S2.R05.A,2165945.92,6532039.14,0,Blue - Black
E4.09.S2.R05.B,2165916.31,6532039.14,0,Blue - White
E4.09.S2.R05.C,2165886.7,6532039.14,0,Blue - White
E4.09.S2.R05.D,2165852.95,6532039.14,0,Blue - White
E4.09.S2.R05.E,2165819.2,6532039.14,0,Pink - White
E4.09.S2.R05.F,2165785.45,6532039.14,0,Pink - White
E4.09.S2.R05.G,2165753.18,6532039.14,0,Green
E4.09.S2.R05.H,2165720.91,6532039.14,0,Pink - White
E4.09.S2.R05.I,2165687.16,6532039.14,0,Pink - White
E4.09.S2.R05.J,2165653.41,6532039.14,0,Blue - White
E4.09.S2.R05.K,2165623.8,6532039.14,0,Blue - White
E4.09.S2.R05.L,2165594.19,6532039.14,0,Blue - Black
E4.09.S2.R06.A,2165946.4,6532057.14,0,Blue - Black
E4.09.S2.R06.B,2165916.79,6532057.14,0,Blue - White
E4.09.S2.R06.C,2165887.18,6532057.14,0,Blue - White
E4.09.S2.R06.D,2165853.43,6532057.14,0,Blue - White
E4.09.S2.R06.E,2165819.68,6532057.14,0,Pink - White
E4.09.S2.R06.F,2165785.93,6532057.14,0,Pink - White
E4.09.S2.R06.G,2165753.66,6532057.14,0,Green
E4.09.S2.R06.H,2165721.39,6532057.14,0,Pink - White
E4.09.S2.R06.I,2165687.64,6532057.14,0,Pink - White
E4.09.S2.R06.J,2165653.89,6532057.14,0,Blue - White
E4.09.S2.R06.K,2165624.28,6532057.14,0,Blue - White
E4.09.S2.R06.L,2165594.67,6532057.14,0,Blue - Black
E4.09.S2.R07.A,2165946.88,6532075.14,0,Blue - Black
E4.09.S2.R07.B,2165917.27,6532075.14,0,Blue - White
E4.09.S2.R07.C,2165887.66,6532075.14,0,Blue - White
E4.09.S2.R07.D,2165853.91,6532075.14,0,Blue - White
E4.09.S2.R07.E,2165820.16,6532075.14,0,Pink - White
E4.09.S2.R07.F,2165786.42,6532075.14,0,Pink - White
E4.09.S2.R07.G,2165754.14,6532075.14,0,Green
E4.09.S2.R07.H,2165721.87,6532075.14,0,Pink - White
E4.09.S2.R07.I,2165688.12,6532075.14,0,Pink - White
E4.09.S2.R07.J,2165654.37,6532075.14,0,Blue - White
E4.09.S2.R07.K,2165624.76,6532075.14,0,Blue - White
E4.09.S2.R07.L,2165595.15,6532075.14,0,Blue - Black
E4.09.S2.R08.A,2165947.37,6532093.14,0,Blue - Black
E4.09.S2.R08.B,2165917.75,6532093.14,0,Blue - White
E4.09.S2.R08.C,2165888.14,6532093.14,0,Blue - White
E4.09.S2.R08.D,2165854.39,6532093.14,0,Blue - White
E4.09.S2.R08.E,2165820.65,6532093.14,0,Pink - White
E4.09.S2.R08.F,2165786.9,6532093.14,0,Pink - White
E4.09.S2.R08.G,2165754.63,6532093.14,0,Green
E4.09.S2.R08.H,2165722.35,6532093.14,0,Pink - White
E4.09.S2.R08.I,2165688.6,6532093.14,0,Pink - White
E4.09.S2.R08.J,2165654.86,6532093.14,0,Blue - White
E4.09.S2.R08.K,2165625.24,6532093.14,0,Blue - White
E4.09.S2.R08.L,2165595.63,6532093.14,0,Blue - Black
E4.09.S2.R09.A,2165947.85,6532111.14,0,Blue - Black
E4.09.S2.R09.B,2165918.24,6532111.14,0,Blue - White
E4.09.S2.R09.C,2165888.63,6532111.14,0,Blue - White
E4.09.S2.R09.D,2165854.88,6532111.14,0,Blue - White
E4.09.S2.R09.E,2165821.13,6532111.14,0,Pink - White
E4.09.S2.R09.F,2165787.38,6532111.14,0,Pink - White
E4.09.S2.R09.G,2165755.11,6532111.14,0,Green
E4.09.S2.R09.H,2165722.84,6532111.14,0,Pink - White
E4.09.S2.R09.I,2165689.09,6532111.14,0,Pink - White
E4.09.S2.R09.J,2165655.34,6532111.14,0,Blue - White
E4.09.S2.R09.K,2165625.73,6532111.14,0,Blue - White
E4.09.S2.R09.L,2165596.12,6532111.14,0,Blue - Black
E4.09.S2.R10.A,2165948.33,6532129.14,0,Blue - Black
E4.09.S2.R10.B,2165918.72,6532129.14,0,Blue - White
E4.09.S2.R10.C,2165889.11,6532129.14,0,Blue - White
E4.09.S2.R10.D,2165855.36,6532129.14,0,Blue - White
E4.09.S2.R10.E,2165821.61,6532129.14,0,Pink - White
E4.09.S2.R10.F,2165787.86,6532129.14,0,Pink - White
E4.09.S2.R10.G,2165755.59,6532129.14,0,Green
E4.09.S2.R10.H,2165723.32,6532129.14,0,Pink - White
E4.09.S2.R10.I,2165689.57,6532129.14,0,Pink - White
E4.09.S2.R10.J,2165655.82,6532129.14,0,Blue - White
E4.09.S2.R10.K,2165626.21,6532129.14,0,Blue - White
E4.09.S2.R10.L,2165596.6,6532129.14,0,Blue - Black
E4.09.S2.R11.A,2165948.81,6532147.14,0,Blue - Black
E4.09.S2.R11.B,2165919.2,6532147.14,0,Blue - White
E4.09.S2.R11.C,2165889.59,6532147.14,0,Blue - White
E4.09.S2.R11.D,2165855.84,6532147.14,0,Blue - White
E4.09.S2.R11.E,2165822.09,6532147.14,0,Pink - White
E4.09.S2.R11.F,2165788.34,6532147.14,0,Pink - White
E4.09.S2.R11.G,2165756.07,6532147.14,0,Green
E4.09.S2.R11.H,2165723.8,6532147.14,0,Pink - White
E4.09.S2.R11.I,2165690.05,6532147.14,0,Pink - White
E4.09.S2.R11.J,2165656.3,6532147.14,0,Blue - White
E4.09.S2.R11.K,2165626.69,6532147.14,0,Blue - White
E4.09.S2.R11.L,2165597.08,6532147.14,0,Blue - Black
E4.09.S2.R12.A,2165949.29,6532165.14,0,Blue - Black
E4.09.S2.R12.B,2165919.68,6532165.14,0,Blue - White
E4.09.S2.R12.C,2165890.07,6532165.14,0,Blue - White
E4.09.S2.R12.D,2165856.32,6532165.14,0,Blue - White
E4.09.S2.R12.E,2165822.58,6532165.14,0,Pink - White
E4.09.S2.R12.F,2165788.83,6532165.14,0,Pink - White
E4.09.S2.R12.G,2165756.55,6532165.14,0,Green
E4.09.S2.R12.H,2165724.28,6532165.14,0,Pink - White
E4.09.S2.R12.I,2165690.53,6532165.14,0,Pink - White
E4.09.S2.R12.J,2165656.79,6532165.14,0,Blue - White
E4.09.S2.R12.K,2165627.17,6532165.14,0,Blue - White
E4.09.S2.R12.L,2165597.56,6532165.14,0,Blue - Black
E4.09.S2.R13.A,2165949.78,6532183.14,0,Blue - Black
E4.09.S2.R13.B,2165920.17,6532183.14,0,Blue - White
E4.09.S2.R13.C,2165890.55,6532183.14,0,Blue - White
E4.09.S2.R13.D,2165856.81,6532183.14,0,Blue - White
E4.09.S2.R13.E,2165823.06,6532183.14,0,Pink - White
E4.09.S2.R13.F,2165789.31,6532183.14,0,Pink - White
E4.09.S2.R13.G,2165757.04,6532183.14,0,Green
E4.09.S2.R13.H,2165724.76,6532183.14,0,Pink - White
E4.09.S2.R13.I,2165691.02,6532183.14,0,Pink - White
E4.09.S2.R13.J,2165657.27,6532183.14,0,Blue - White
E4.09.S2.R13.K,2165627.66,6532183.14,0,Blue - White
E4.09.S2.R13.L,2165598.05,6532183.14,0,Blue - Black
E4.09.S2.R14.A,2165950.26,6532201.14,0,Blue - Black
E4.09.S2.R14.B,2165920.65,6532201.14,0,Blue - White
E4.09.S2.R14.C,2165891.04,6532201.14,0,Blue - White
E4.09.S2.R14.D,2165857.29,6532201.14,0,Blue - White
E4.09.S2.R14.E,2165823.54,6532201.14,0,Pink - White
E4.09.S2.R14.F,2165789.79,6532201.14,0,Pink - White
E4.09.S2.R14.G,2165757.52,6532201.14,0,Green
E4.09.S2.R14.H,2165725.25,6532201.14,0,Pink - White
E4.09.S2.R14.I,2165691.5,6532201.14,0,Pink - White
E4.09.S2.R14.J,2165657.75,6532201.14,0,Blue - White
E4.09.S2.R14.K,2165628.14,6532201.14,0,Blue - White
E4.09.S2.R14.L,2165598.53,6532201.14,0,Blue - Black
E4.09.S2.R15.A,2165950.74,6532219.14,0,Blue - Black
E4.09.S2.R15.B,2165921.13,6532219.14,0,Blue - White
E4.09.S2.R15.C,2165891.52,6532219.14,0,Blue - White
E4.09.S2.R15.D,2165857.77,6532219.14,0,Blue - White
E4.09.S2.R15.E,2165824.02,6532219.14,0,Pink - White
E4.09.S2.R15.F,2165790.27,6532219.14,0,Pink - White
E4.09.S2.R15.G,2165758,6532219.14,0,Green
E4.09.S2.R15.H,2165725.73,6532219.14,0,Pink - White
E4.09.S2.R15.I,2165691.98,6532219.14,0,Pink - White
E4.09.S2.R15.J,2165658.23,6532219.14,0,Blue - White
E4.09.S2.R15.K,2165628.62,6532219.14,0,Blue - White
E4.09.S2.R15.L,2165599.01,6532219.14,0,Blue - Black
E4.09.S2.R16.A,2165951.22,6532237.14,0,Blue - Black
E4.09.S2.R16.B,2165921.61,6532237.14,0,Blue - White
E4.09.S2.R16.C,2165892,6532237.14,0,Blue - White
E4.09.S2.R16.D,2165858.25,6532237.14,0,Blue - White
E4.09.S2.R16.E,2165824.51,6532237.14,0,Pink - White
E4.09.S2.R16.F,2165790.76,6532237.14,0,Pink - White
E4.09.S2.R16.G,2165758.48,6532237.14,0,Green
E4.09.S2.R16.H,2165726.21,6532237.14,0,Pink - White
E4.09.S2.R16.I,2165692.46,6532237.14,0,Pink - White
E4.09.S2.R16.J,2165658.71,6532237.14,0,Blue - White
E4.09.S2.R16.K,2165629.1,6532237.14,0,Blue - White
E4.09.S2.R16.L,2165599.49,6532237.14,0,Blue - Black
E4.09.S2.R17.A,2165951.71,6532255.14,0,Blue - Black
E4.09.S2.R17.B,2165922.1,6532255.14,0,Blue - White
E4.09.S2.R17.C,2165892.48,6532255.14,0,Blue - White
E4.09.S2.R17.D,2165858.74,6532255.14,0,Blue - White
E4.09.S2.R17.E,2165824.99,6532255.14,0,Pink - White
E4.09.S2.R17.F,2165791.24,6532255.14,0,Pink - White
E4.09.S2.R17.G,2165758.97,6532255.14,0,Green
E4.09.S2.R17.H,2165726.69,6532255.14,0,Pink - White
E4.09.S2.R17.I,2165692.95,6532255.14,0,Pink - White
E4.09.S2.R17.J,2165659.2,6532255.14,0,Blue - White
E4.09.S2.R17.K,2165629.59,6532255.14,0,Blue - White
E4.09.S2.R17.L,2165599.97,6532255.14,0,Blue - Black
E4.09.S2.R18.A,2165952.19,6532273.14,0,Blue - Black
E4.09.S2.R18.B,2165922.58,6532273.14,0,Blue - White
E4.09.S2.R18.C,2165892.97,6532273.14,0,Blue - White
E4.09.S2.R18.D,2165859.22,6532273.14,0,Blue - White
E4.09.S2.R18.E,2165825.47,6532273.14,0,Pink - White
E4.09.S2.R18.F,2165791.72,6532273.14,0,Pink - White
E4.09.S2.R18.G,2165759.45,6532273.14,0,Green
E4.09.S2.R18.H,2165727.18,6532273.14,0,Pink - White
E4.09.S2.R18.I,2165693.43,6532273.14,0,Pink - White
E4.09.S2.R18.J,2165659.68,6532273.14,0,Blue - White
E4.09.S2.R18.K,2165630.07,6532273.14,0,Blue - White
E4.09.S2.R18.L,2165600.46,6532273.14,0,Blue - Black
E4.09.S2.R19.A,2165952.67,6532291.14,0,Blue - Black
E4.09.S2.R19.B,2165923.06,6532291.14,0,Blue - White
E4.09.S2.R19.C,2165893.45,6532291.14,0,Blue - White
E4.09.S2.R19.D,2165859.7,6532291.14,0,Blue - White
E4.09.S2.R19.E,2165825.95,6532291.14,0,Pink - White
E4.09.S2.R19.F,2165792.2,6532291.14,0,Pink - White
E4.09.S2.R19.G,2165759.93,6532291.14,0,Green
E4.09.S2.R19.H,2165727.66,6532291.14,0,Pink - White
E4.09.S2.R19.I,2165693.91,6532291.14,0,Pink - White
E4.09.S2.R19.J,2165660.16,6532291.14,0,Blue - White
E4.09.S2.R19.K,2165630.55,6532291.14,0,Blue - White
E4.09.S2.R19.L,2165600.94,6532291.14,0,Blue - Black
E4.09.S2.R20.A,2165953.15,6532309.14,0,Blue - Black
E4.09.S2.R20.B,2165923.54,6532309.14,0,Yellow - Black
E4.09.S2.R20.C,2165893.93,6532309.14,0,Yellow - Black
E4.09.S2.R20.D,2165860.18,6532309.14,0,Yellow - Black
E4.09.S2.R20.E,2165826.43,6532309.14,0,Green - Black
E4.09.S2.R20.F,2165792.69,6532309.14,0,Green - Black
E4.09.S2.R20.G,2165760.41,6532309.14,0,Green
E4.09.S2.R20.H,2165728.14,6532309.14,0,Green - Black
E4.09.S2.R20.I,2165694.39,6532309.14,0,Pink - Black
E4.09.S2.R20.J,2165660.64,6532309.14,0,Yellow - Black
E4.09.S2.R20.K,2165631.03,6532309.14,0,Yellow - Black
E4.09.S2.R20.L,2165601.42,6532309.14,0,Blue - Black
E4.09.S2.R21.A,2165953.64,6532327.14,0,Blue - Black
E4.09.S2.R21.B,2165924.02,6532327.14,0,Blue - White
E4.09.S2.R21.C,2165894.41,6532327.14,0,Blue - White
E4.09.S2.R21.D,2165860.67,6532327.14,0,Blue - White
E4.09.S2.R21.E,2165826.92,6532327.14,0,Pink - White
E4.09.S2.R21.F,2165793.17,6532327.14,0,Pink - White
E4.09.S2.R21.G,2165760.9,6532327.14,0,Green
E4.09.S2.R21.H,2165728.62,6532327.14,0,Pink - White
E4.09.S2.R21.I,2165694.88,6532327.14,0,Pink - White
E4.09.S2.R21.J,2165661.13,6532327.14,0,Blue - White
E4.09.S2.R21.K,2165631.52,6532327.14,0,Blue - White
E4.09.S2.R21.L,2165601.9,6532327.14,0,Blue - Black
E4.09.S2.R22.A,2165954.12,6532345.14,0,Blue - Black
E4.09.S2.R22.B,2165924.51,6532345.14,0,Blue - White
E4.09.S2.R22.C,2165894.9,6532345.14,0,Blue - White
E4.09.S2.R22.D,2165861.15,6532345.14,0,Blue - White
E4.09.S2.R22.E,2165827.4,6532345.14,0,Pink - White
E4.09.S2.R22.F,2165793.65,6532345.14,0,Pink - White
E4.09.S2.R22.G,2165761.38,6532345.14,0,Green
E4.09.S2.R22.H,2165729.11,6532345.14,0,Pink - White
E4.09.S2.R22.I,2165695.36,6532345.14,0,Pink - White
E4.09.S2.R22.J,2165661.61,6532345.14,0,Blue - White
E4.09.S2.R22.K,2165632,6532345.14,0,Blue - White
E4.09.S2.R22.L,2165602.39,6532345.14,0,Blue - Black
E4.09.S2.R23.A,2165954.6,6532363.14,0,Blue - Black
E4.09.S2.R23.B,2165924.99,6532363.14,0,Blue - White
E4.09.S2.R23.C,2165895.38,6532363.14,0,Blue - White
E4.09.S2.R23.D,2165861.63,6532363.14,0,Blue - White
E4.09.S2.R23.E,2165827.88,6532363.14,0,Pink - White
E4.09.S2.R23.F,2165794.13,6532363.14,0,Pink - White
E4.09.S2.R23.G,2165761.86,6532363.14,0,Green
E4.09.S2.R23.H,2165729.59,6532363.14,0,Pink - White
E4.09.S2.R23.I,2165695.84,6532363.14,0,Pink - White
E4.09.S2.R23.J,2165662.09,6532363.14,0,Blue - White
E4.09.S2.R23.K,2165632.48,6532363.14,0,Blue - White
E4.09.S2.R23.L,2165602.87,6532363.14,0,Blue - Black
E4.09.S2.R24.A,2165955.08,6532381.14,0,Blue - Black
E4.09.S2.R24.B,2165925.47,6532381.14,0,Blue - White
E4.09.S2.R24.C,2165895.86,6532381.14,0,Blue - White
E4.09.S2.R24.D,2165862.11,6532381.14,0,Blue - White
E4.09.S2.R24.E,2165828.36,6532381.14,0,Pink - White
E4.09.S2.R24.F,2165794.62,6532381.14,0,Pink - White
E4.09.S2.R24.G,2165762.34,6532381.14,0,Green
E4.09.S2.R24.H,2165730.07,6532381.14,0,Pink - White
E4.09.S2.R24.I,2165696.32,6532381.14,0,Pink - White
E4.09.S2.R24.J,2165662.57,6532381.14,0,Blue - White
E4.09.S2.R24.K,2165632.96,6532381.14,0,Blue - White
E4.09.S2.R24.L,2165603.35,6532381.14,0,Blue - Black
E4.09.S2.R25.A,2165955.57,6532399.14,0,Blue - Black
E4.09.S2.R25.B,2165925.95,6532399.14,0,Blue - White
E4.09.S2.R25.C,2165896.34,6532399.14,0,Blue - White
E4.09.S2.R25.D,2165862.59,6532399.14,0,Blue - White
E4.09.S2.R25.E,2165828.85,6532399.14,0,Pink - White
E4.09.S2.R25.F,2165795.1,6532399.14,0,Pink - White
E4.09.S2.R25.G,2165762.83,6532399.14,0,Green
E4.09.S2.R25.H,2165730.55,6532399.14,0,Pink - White
E4.09.S2.R25.I,2165696.8,6532399.14,0,Pink - White
E4.09.S2.R25.J,2165663.06,6532399.14,0,Blue - White
E4.09.S2.R25.K,2165633.44,6532399.14,0,Blue - White
E4.09.S2.R25.L,2165603.83,6532399.14,0,Blue - Black
E4.09.S2.R26.A,2165956.05,6532417.14,0,Blue - Black
E4.09.S2.R26.B,2165926.44,6532417.14,0,Blue - White
E4.09.S2.R26.C,2165896.83,6532417.14,0,Blue - White
E4.09.S2.R26.D,2165863.08,6532417.14,0,Blue - White
E4.09.S2.R26.E,2165829.33,6532417.14,0,Pink - White
E4.09.S2.R26.F,2165795.58,6532417.14,0,Pink - White
E4.09.S2.R26.G,2165763.31,6532417.14,0,Green
E4.09.S2.R26.H,2165731.04,6532417.14,0,Pink - White
E4.09.S2.R26.I,2165697.29,6532417.14,0,Pink - White
E4.09.S2.R26.J,2165663.54,6532417.14,0,Blue - White
E4.09.S2.R26.K,2165633.93,6532417.14,0,Blue - White
E4.09.S2.R26.L,2165604.32,6532417.14,0,Blue - Black
E4.09.S2.R27.A,2165956.53,6532435.14,0,Blue - Black
E4.09.S2.R27.B,2165926.92,6532435.14,0,Blue - White
E4.09.S2.R27.C,2165897.31,6532435.14,0,Blue - White
E4.09.S2.R27.D,2165863.56,6532435.14,0,Blue - White
E4.09.S2.R27.E,2165829.81,6532435.14,0,Pink - White
E4.09.S2.R27.F,2165796.06,6532435.14,0,Pink - White
E4.09.S2.R27.G,2165763.79,6532435.14,0,Green
E4.09.S2.R27.H,2165731.52,6532435.14,0,Pink - White
E4.09.S2.R27.I,2165697.77,6532435.14,0,Pink - White
E4.09.S2.R27.J,2165664.02,6532435.14,0,Blue - White
E4.09.S2.R27.K,2165634.41,6532435.14,0,Blue - White
E4.09.S2.R27.L,2165604.8,6532435.14,0,Blue - Black
E4.09.S2.R28.A,2165957.01,6532453.14,0,Blue - Black
E4.09.S2.R28.B,2165927.4,6532453.14,0,Blue - White
E4.09.S2.R28.C,2165897.79,6532453.14,0,Blue - White
E4.09.S2.R28.D,2165864.04,6532453.14,0,Blue - White
E4.09.S2.R28.E,2165830.29,6532453.14,0,Pink - White
E4.09.S2.R28.F,2165796.54,6532453.14,0,Pink - White
E4.09.S2.R28.G,2165764.27,6532453.14,0,Green
E4.09.S2.R28.H,2165732,6532453.14,0,Pink - White
E4.09.S2.R28.I,2165698.25,6532453.14,0,Pink - White
E4.09.S2.R28.J,2165664.5,6532453.14,0,Blue - White
E4.09.S2.R28.K,2165634.89,6532453.14,0,Blue - White
E4.09.S2.R28.L,2165605.28,6532453.14,0,Blue - Black
E4.09.S2.R29.A,2165957.49,6532471.14,0,Blue - Black
E4.09.S2.R29.B,2165927.88,6532471.14,0,Blue - White
E4.09.S2.R29.C,2165898.27,6532471.14,0,Blue - White
E4.09.S2.R29.D,2165864.52,6532471.14,0,Blue - White
E4.09.S2.R29.E,2165830.78,6532471.14,0,Pink - White
E4.09.S2.R29.F,2165797.03,6532471.14,0,Pink - White
E4.09.S2.R29.G,2165764.75,6532471.14,0,Green
E4.09.S2.R29.H,2165732.48,6532471.14,0,Pink - White
E4.09.S2.R29.I,2165698.73,6532471.14,0,Pink - White
E4.09.S2.R29.J,2165664.99,6532471.14,0,Blue - White
E4.09.S2.R29.K,2165635.37,6532471.14,0,Blue - White
E4.09.S2.R29.L,2165605.76,6532471.14,0,Blue - Black
E4.09.S2.R30.A,2165957.98,6532489.14,0,Blue - Black
E4.09.S2.R30.B,2165928.37,6532489.14,0,Blue - White
E4.09.S2.R30.C,2165898.75,6532489.14,0,Blue - White
E4.09.S2.R30.D,2165865.01,6532489.14,0,Blue - White
E4.09.S2.R30.E,2165831.26,6532489.14,0,Pink - White
E4.09.S2.R30.F,2165797.51,6532489.14,0,Pink - White
E4.09.S2.R30.G,2165765.24,6532489.14,0,Green
E4.09.S2.R30.H,2165732.96,6532489.14,0,Pink - White
E4.09.S2.R30.I,2165699.22,6532489.14,0,Pink - White
E4.09.S2.R30.J,2165665.47,6532489.14,0,Blue - White
E4.09.S2.R30.K,2165635.86,6532489.14,0,Blue - White
E4.09.S2.R30.L,2165606.25,6532489.14,0,Blue - Black
E4.09.S2.R31.A,2165958.46,6532507.14,0,Blue - Black
E4.09.S2.R31.B,2165928.85,6532507.14,0,Blue - White
E4.09.S2.R31.C,2165899.24,6532507.14,0,Blue - White
E4.09.S2.R31.D,2165865.49,6532507.14,0,Blue - White
E4.09.S2.R31.E,2165831.74,6532507.14,0,Pink - White
E4.09.S2.R31.F,2165797.99,6532507.14,0,Pink - White
E4.09.S2.R31.G,2165765.72,6532507.14,0,Green
E4.09.S2.R31.H,2165733.45,6532507.14,0,Pink - White
E4.09.S2.R31.I,2165699.7,6532507.14,0,Pink - White
E4.09.S2.R31.J,2165665.95,6532507.14,0,Blue - White
E4.09.S2.R31.K,2165636.34,6532507.14,0,Blue - White
E4.09.S2.R31.L,2165606.73,6532507.14,0,Blue - Black
E4.09.S2.R32.A,2165958.94,6532525.14,0,Blue - Black
E4.09.S2.R32.B,2165929.33,6532525.14,0,Blue - White
E4.09.S2.R32.C,2165899.72,6532525.14,0,Blue - White
E4.09.S2.R32.D,2165865.97,6532525.14,0,Blue - White
E4.09.S2.R32.E,2165832.22,6532525.14,0,Pink - White
E4.09.S2.R32.F,2165798.47,6532525.14,0,Pink - White
E4.09.S2.R32.G,2165766.2,6532525.14,0,Green
E4.09.S2.R32.H,2165733.93,6532525.14,0,Pink - White
E4.09.S2.R32.I,2165700.18,6532525.14,0,Pink - White
E4.09.S2.R32.J,2165666.43,6532525.14,0,Blue - White
E4.09.S2.R32.K,2165636.82,6532525.14,0,Blue - White
E4.09.S2.R32.L,2165607.21,6532525.14,0,Blue - Black
E4.09.S2.R33.A,2165959.42,6532543.14,0,Blue - Black
E4.09.S2.R33.B,2165929.81,6532543.14,0,Blue - White
E4.09.S2.R33.C,2165900.2,6532543.14,0,Blue - White
E4.09.S2.R33.D,2165866.45,6532543.14,0,Blue - White
E4.09.S2.R33.E,2165832.71,6532543.14,0,Pink - White
E4.09.S2.R33.F,2165798.96,6532543.14,0,Pink - White
E4.09.S2.R33.G,2165766.68,6532543.14,0,Green
E4.09.S2.R33.H,2165734.41,6532543.14,0,Pink - White
E4.09.S2.R33.I,2165700.66,6532543.14,0,Pink - White
E4.09.S2.R33.J,2165666.91,6532543.14,0,Blue - White
E4.09.S2.R33.K,2165637.3,6532543.14,0,Blue - White
E4.09.S2.R33.L,2165607.69,6532543.14,0,Blue - Black
E4.09.S2.R34.A,2165959.91,6532561.14,0,Blue - Black
E4.09.S2.R34.B,2165930.3,6532561.14,0,Blue - White
E4.09.S2.R34.C,2165900.68,6532561.14,0,Blue - White
E4.09.S2.R34.D,2165866.94,6532561.14,0,Blue - White
E4.09.S2.R34.E,2165833.19,6532561.14,0,Pink - White
E4.09.S2.R34.F,2165799.44,6532561.14,0,Pink - White
E4.09.S2.R34.G,2165767.17,6532561.14,0,Green
E4.09.S2.R34.H,2165734.89,6532561.14,0,Pink - White
E4.09.S2.R34.I,2165701.15,6532561.14,0,Pink - White
E4.09.S2.R34.J,2165667.4,6532561.14,0,Blue - White
E4.09.S2.R34.K,2165637.79,6532561.14,0,Blue - White
E4.09.S2.R34.L,2165608.17,6532561.14,0,Blue - Black
E4.09.S2.R35.A,2165960.39,6532579.14,0,Blue - Black
E4.09.S2.R35.B,2165930.78,6532579.14,0,Blue - White
E4.09.S2.R35.C,2165901.17,6532579.14,0,Blue - White
E4.09.S2.R35.D,2165867.42,6532579.14,0,Blue - White
E4.09.S2.R35.E,2165833.67,6532579.14,0,Pink - White
E4.09.S2.R35.F,2165799.92,6532579.14,0,Pink - White
E4.09.S2.R35.G,2165767.65,6532579.14,0,Green
E4.09.S2.R35.H,2165735.38,6532579.14,0,Pink - White
E4.09.S2.R35.I,2165701.63,6532579.14,0,Pink - White
E4.09.S2.R35.J,2165667.88,6532579.14,0,Blue - White
E4.09.S2.R35.K,2165638.27,6532579.14,0,Blue - White
E4.09.S2.R35.L,2165608.66,6532579.14,0,Blue - Black
E4.09.S2.R36.A,2165960.87,6532597.14,0,Blue - Black
E4.09.S2.R36.B,2165931.26,6532597.14,0,Blue - White
E4.09.S2.R36.C,2165901.65,6532597.14,0,Blue - White
E4.09.S2.R36.D,2165867.9,6532597.14,0,Blue - White
E4.09.S2.R36.E,2165834.15,6532597.14,0,Pink - White
E4.09.S2.R36.F,2165800.4,6532597.14,0,Pink - White
E4.09.S2.R36.G,2165768.13,6532597.14,0,Green
E4.09.S2.R36.H,2165735.86,6532597.14,0,Pink - White
E4.09.S2.R36.I,2165702.11,6532597.14,0,Pink - White
E4.09.S2.R36.J,2165668.36,6532597.14,0,Blue - White
E4.09.S2.R36.K,2165638.75,6532597.14,0,Blue - White
E4.09.S2.R36.L,2165609.14,6532597.14,0,Blue - Black
E4.09.S2.R37.A,2165961.35,6532615.14,0,Blue - Black
E4.09.S2.R37.B,2165931.74,6532615.14,0,Blue - White
E4.09.S2.R37.C,2165902.13,6532615.14,0,Blue - White
E4.09.S2.R37.D,2165868.38,6532615.14,0,Blue - White
E4.09.S2.R37.E,2165834.63,6532615.14,0,Pink - White
E4.09.S2.R37.F,2165800.89,6532615.14,0,Pink - White
E4.09.S2.R37.G,2165768.61,6532615.14,0,Green
E4.09.S2.R37.H,2165736.34,6532615.14,0,Pink - White
E4.09.S2.R37.I,2165702.59,6532615.14,0,Pink - White
E4.09.S2.R37.J,2165668.84,6532615.14,0,Blue - White
E4.09.S2.R37.K,2165639.23,6532615.14,0,Blue - White
E4.09.S2.R37.L,2165609.62,6532615.14,0,Blue - Black
E4.09.S2.R38.A,2165961.84,6532633.14,0,Blue - Black
E4.09.S2.R38.B,2165932.22,6532633.14,0,Blue - White
E4.09.S2.R38.C,2165902.61,6532633.14,0,Blue - White
E4.09.S2.R38.D,2165868.87,6532633.14,0,Blue - White
E4.09.S2.R38.E,2165835.12,6532633.14,0,Pink - White
E4.09.S2.R38.F,2165801.37,6532633.14,0,Pink - White
E4.09.S2.R38.G,2165769.1,6532633.14,0,Green
E4.09.S2.R38.H,2165736.82,6532633.14,0,Pink - White
E4.09.S2.R38.I,2165703.08,6532633.14,0,Pink - White
E4.09.S2.R38.J,2165669.33,6532633.14,0,Blue - White
E4.09.S2.R38.K,2165639.72,6532633.14,0,Blue - White
E4.09.S2.R38.L,2165610.1,6532633.14,0,Blue - Black
E4.09.S2.R39.A,2165962.32,6532651.14,0,Blue - Black
E4.09.S2.R39.B,2165932.71,6532651.14,0,Blue - White
E4.09.S2.R39.C,2165903.1,6532651.14,0,Blue - White
E4.09.S2.R39.D,2165869.35,6532651.14,0,Blue - White
E4.09.S2.R39.E,2165835.6,6532651.14,0,Pink - White
E4.09.S2.R39.F,2165801.85,6532651.14,0,Pink - White
E4.09.S2.R39.G,2165769.58,6532651.14,0,Green
E4.09.S2.R39.H,2165737.31,6532651.14,0,Pink - White
E4.09.S2.R39.I,2165703.56,6532651.14,0,Pink - White
E4.09.S2.R39.J,2165669.81,6532651.14,0,Blue - White
E4.09.S2.R39.K,2165640.2,6532651.14,0,Blue - White
E4.09.S2.R39.L,2165610.59,6532651.14,0,Blue - Black
E4.09.S2.R40.A,2165962.8,6532669.14,0,Blue - Black
E4.09.S2.R40.B,2165933.19,6532669.14,0,Blue - White
E4.09.S2.R40.C,2165903.58,6532669.14,0,Blue - White
E4.09.S2.R40.D,2165869.83,6532669.14,0,Blue - White
E4.09.S2.R40.E,2165836.08,6532669.14,0,Pink - White
E4.09.S2.R40.F,2165802.33,6532669.14,0,Pink - White
E4.09.S2.R40.G,2165770.06,6532669.14,0,Green
E4.09.S2.R40.H,2165737.79,6532669.14,0,Pink - White
E4.09.S2.R40.I,2165704.04,6532669.14,0,Pink - White
E4.09.S2.R40.J,2165670.29,6532669.14,0,Blue - White
E4.09.S2.R40.K,2165640.68,6532669.14,0,Blue - White
E4.09.S2.R40.L,2165611.07,6532669.14,0,Blue - Black
E4.09.S1.R07.A,2166353.55,6532075.14,0,Blue - Black
E4.09.S1.R07.B,2166323.94,6532075.14,0,Blue - White
E4.09.S1.R07.C,2166294.33,6532075.14,0,Blue - White
E4.09.S1.R07.D,2166260.58,6532075.14,0,Blue - White
E4.09.S1.R07.E,2166226.83,6532075.14,0,Pink - White
E4.09.S1.R07.F,2166193.08,6532075.14,0,Pink - White
E4.09.S1.R07.G,2166160.81,6532075.14,0,Green
E4.09.S1.R07.H,2166128.54,6532075.14,0,Pink - White
E4.09.S1.R07.I,2166094.79,6532075.14,0,Pink - White
E4.09.S1.R07.J,2166061.04,6532075.14,0,Blue - White
E4.09.S1.R07.K,2166031.43,6532075.14,0,Blue - White
E4.09.S1.R07.L,2166001.82,6532075.14,0,Blue - Black
E4.09.S1.R08.A,2166354.03,6532093.14,0,Blue - Black
E4.09.S1.R08.B,2166324.42,6532093.14,0,Blue - White
E4.09.S1.R08.C,2166294.81,6532093.14,0,Blue - White
E4.09.S1.R08.D,2166261.06,6532093.14,0,Blue - White
E4.09.S1.R08.E,2166227.32,6532093.14,0,Pink - White
E4.09.S1.R08.F,2166193.57,6532093.14,0,Pink - White
E4.09.S1.R08.G,2166161.29,6532093.14,0,Green
E4.09.S1.R08.H,2166129.02,6532093.14,0,Pink - White
E4.09.S1.R08.I,2166095.27,6532093.14,0,Pink - White
E4.09.S1.R08.J,2166061.53,6532093.14,0,Blue - White
E4.09.S1.R08.K,2166031.91,6532093.14,0,Blue - White
E4.09.S1.R08.L,2166002.3,6532093.14,0,Blue - Black
E4.09.S1.R09.A,2166354.52,6532111.14,0,Blue - Black
E4.09.S1.R09.B,2166324.91,6532111.14,0,Blue - White
E4.09.S1.R09.C,2166295.29,6532111.14,0,Blue - White
E4.09.S1.R09.D,2166261.55,6532111.14,0,Blue - White
E4.09.S1.R09.E,2166227.8,6532111.14,0,Pink - White
E4.09.S1.R09.F,2166194.05,6532111.14,0,Pink - White
E4.09.S1.R09.G,2166161.78,6532111.14,0,Green
E4.09.S1.R09.H,2166129.5,6532111.14,0,Pink - White
E4.09.S1.R09.I,2166095.76,6532111.14,0,Pink - White
E4.09.S1.R09.J,2166062.01,6532111.14,0,Blue - White
E4.09.S1.R09.K,2166032.4,6532111.14,0,Blue - White
E4.09.S1.R09.L,2166002.79,6532111.14,0,Blue - Black
E4.09.S1.R10.A,2166355,6532129.14,0,Blue - Black
E4.09.S1.R10.B,2166325.39,6532129.14,0,Blue - White
E4.09.S1.R10.C,2166295.78,6532129.14,0,Blue - White
E4.09.S1.R10.D,2166262.03,6532129.14,0,Blue - White
E4.09.S1.R10.E,2166228.28,6532129.14,0,Pink - White
E4.09.S1.R10.F,2166194.53,6532129.14,0,Pink - White
E4.09.S1.R10.G,2166162.26,6532129.14,0,Green
E4.09.S1.R10.H,2166129.99,6532129.14,0,Pink - White
E4.09.S1.R10.I,2166096.24,6532129.14,0,Pink - White
E4.09.S1.R10.J,2166062.49,6532129.14,0,Blue - White
E4.09.S1.R10.K,2166032.88,6532129.14,0,Blue - White
E4.09.S1.R10.L,2166003.27,6532129.14,0,Blue - Black
E4.09.S1.R11.A,2166355.48,6532147.14,0,Blue - Black
E4.09.S1.R11.B,2166325.87,6532147.14,0,Blue - White
E4.09.S1.R11.C,2166296.26,6532147.14,0,Blue - White
E4.09.S1.R11.D,2166262.51,6532147.14,0,Blue - White
E4.09.S1.R11.E,2166228.76,6532147.14,0,Pink - White
E4.09.S1.R11.F,2166195.01,6532147.14,0,Pink - White
E4.09.S1.R11.G,2166162.74,6532147.14,0,Green
E4.09.S1.R11.H,2166130.47,6532147.14,0,Pink - White
E4.09.S1.R11.I,2166096.72,6532147.14,0,Pink - White
E4.09.S1.R11.J,2166062.97,6532147.14,0,Blue - White
E4.09.S1.R11.K,2166033.36,6532147.14,0,Blue - White
E4.09.S1.R11.L,2166003.75,6532147.14,0,Blue - Black
E4.09.S1.R12.A,2166355.96,6532165.14,0,Blue - Black
E4.09.S1.R12.B,2166326.35,6532165.14,0,Blue - White
E4.09.S1.R12.C,2166296.74,6532165.14,0,Blue - White
E4.09.S1.R12.D,2166262.99,6532165.14,0,Blue - White
E4.09.S1.R12.E,2166229.24,6532165.14,0,Pink - White
E4.09.S1.R12.F,2166195.5,6532165.14,0,Pink - White
E4.09.S1.R12.G,2166163.22,6532165.14,0,Green
E4.09.S1.R12.H,2166130.95,6532165.14,0,Pink - White
E4.09.S1.R12.I,2166097.2,6532165.14,0,Pink - White
E4.09.S1.R12.J,2166063.45,6532165.14,0,Blue - White
E4.09.S1.R12.K,2166033.84,6532165.14,0,Blue - White
E4.09.S1.R12.L,2166004.23,6532165.14,0,Blue - Black
E4.09.S1.R13.A,2166356.45,6532183.14,0,Blue - Black
E4.09.S1.R13.B,2166326.84,6532183.14,0,Blue - White
E4.09.S1.R13.C,2166297.22,6532183.14,0,Blue - White
E4.09.S1.R13.D,2166263.48,6532183.14,0,Blue - White
E4.09.S1.R13.E,2166229.73,6532183.14,0,Pink - White
E4.09.S1.R13.F,2166195.98,6532183.14,0,Pink - White
E4.09.S1.R13.G,2166163.71,6532183.14,0,Green
E4.09.S1.R13.H,2166131.43,6532183.14,0,Pink - White
E4.09.S1.R13.I,2166097.69,6532183.14,0,Pink - White
E4.09.S1.R13.J,2166063.94,6532183.14,0,Blue - White
E4.09.S1.R13.K,2166034.33,6532183.14,0,Blue - White
E4.09.S1.R13.L,2166004.71,6532183.14,0,Blue - Black
E4.09.S1.R14.A,2166356.93,6532201.14,0,Blue - Black
E4.09.S1.R14.B,2166327.32,6532201.14,0,Blue - White
E4.09.S1.R14.C,2166297.71,6532201.14,0,Blue - White
E4.09.S1.R14.D,2166263.96,6532201.14,0,Blue - White
E4.09.S1.R14.E,2166230.21,6532201.14,0,Pink - White
E4.09.S1.R14.F,2166196.46,6532201.14,0,Pink - White
E4.09.S1.R14.G,2166164.19,6532201.14,0,Green
E4.09.S1.R14.H,2166131.92,6532201.14,0,Pink - White
E4.09.S1.R14.I,2166098.17,6532201.14,0,Pink - White
E4.09.S1.R14.J,2166064.42,6532201.14,0,Blue - White
E4.09.S1.R14.K,2166034.81,6532201.14,0,Blue - White
E4.09.S1.R14.L,2166005.2,6532201.14,0,Blue - Black
E4.09.S1.R15.A,2166357.41,6532219.14,0,Blue - Black
E4.09.S1.R15.B,2166327.8,6532219.14,0,Blue - White
E4.09.S1.R15.C,2166298.19,6532219.14,0,Blue - White
E4.09.S1.R15.D,2166264.44,6532219.14,0,Blue - White
E4.09.S1.R15.E,2166230.69,6532219.14,0,Pink - White
E4.09.S1.R15.F,2166196.94,6532219.14,0,Pink - White
E4.09.S1.R15.G,2166164.67,6532219.14,0,Green
E4.09.S1.R15.H,2166132.4,6532219.14,0,Pink - White
E4.09.S1.R15.I,2166098.65,6532219.14,0,Pink - White
E4.09.S1.R15.J,2166064.9,6532219.14,0,Blue - White
E4.09.S1.R15.K,2166035.29,6532219.14,0,Blue - White
E4.09.S1.R15.L,2166005.68,6532219.14,0,Blue - Black
E4.09.S1.R16.A,2166357.89,6532237.14,0,Blue - Black
E4.09.S1.R16.B,2166328.28,6532237.14,0,Blue - White
E4.09.S1.R16.C,2166298.67,6532237.14,0,Blue - White
E4.09.S1.R16.D,2166264.92,6532237.14,0,Blue - White
E4.09.S1.R16.E,2166231.17,6532237.14,0,Pink - White
E4.09.S1.R16.F,2166197.43,6532237.14,0,Pink - White
E4.09.S1.R16.G,2166165.15,6532237.14,0,Green
E4.09.S1.R16.H,2166132.88,6532237.14,0,Pink - White
E4.09.S1.R16.I,2166099.13,6532237.14,0,Pink - White
E4.09.S1.R16.J,2166065.38,6532237.14,0,Blue - White
E4.09.S1.R16.K,2166035.77,6532237.14,0,Blue - White
E4.09.S1.R16.L,2166006.16,6532237.14,0,Blue - Black
E4.09.S1.R17.A,2166358.38,6532255.14,0,Blue - Black
E4.09.S1.R17.B,2166328.76,6532255.14,0,Blue - White
E4.09.S1.R17.C,2166299.15,6532255.14,0,Blue - White
E4.09.S1.R17.D,2166265.4,6532255.14,0,Blue - White
E4.09.S1.R17.E,2166231.66,6532255.14,0,Pink - White
E4.09.S1.R17.F,2166197.91,6532255.14,0,Pink - White
E4.09.S1.R17.G,2166165.64,6532255.14,0,Green
E4.09.S1.R17.H,2166133.36,6532255.14,0,Pink - White
E4.09.S1.R17.I,2166099.61,6532255.14,0,Pink - White
E4.09.S1.R17.J,2166065.87,6532255.14,0,Blue - White
E4.09.S1.R17.K,2166036.26,6532255.14,0,Blue - White
E4.09.S1.R17.L,2166006.64,6532255.14,0,Blue - Black
E4.09.S1.R18.A,2166358.86,6532273.14,0,Blue - Black
E4.09.S1.R18.B,2166329.25,6532273.14,0,Blue - White
E4.09.S1.R18.C,2166299.64,6532273.14,0,Blue - White
E4.09.S1.R18.D,2166265.89,6532273.14,0,Blue - White
E4.09.S1.R18.E,2166232.14,6532273.14,0,Pink - White
E4.09.S1.R18.F,2166198.39,6532273.14,0,Pink - White
E4.09.S1.R18.G,2166166.12,6532273.14,0,Green
E4.09.S1.R18.H,2166133.85,6532273.14,0,Pink - White
E4.09.S1.R18.I,2166100.1,6532273.14,0,Pink - White
E4.09.S1.R18.J,2166066.35,6532273.14,0,Blue - White
E4.09.S1.R18.K,2166036.74,6532273.14,0,Blue - White
E4.09.S1.R18.L,2166007.13,6532273.14,0,Blue - Black
E4.09.S1.R19.A,2166359.34,6532291.14,0,Blue - Black
E4.09.S1.R19.B,2166329.73,6532291.14,0,Blue - White
E4.09.S1.R19.C,2166300.12,6532291.14,0,Blue - White
E4.09.S1.R19.D,2166266.37,6532291.14,0,Blue - White
E4.09.S1.R19.E,2166232.62,6532291.14,0,Pink - White
E4.09.S1.R19.F,2166198.87,6532291.14,0,Pink - White
E4.09.S1.R19.G,2166166.6,6532291.14,0,Green
E4.09.S1.R19.H,2166134.33,6532291.14,0,Pink - White
E4.09.S1.R19.I,2166100.58,6532291.14,0,Pink - White
E4.09.S1.R19.J,2166066.83,6532291.14,0,Blue - White
E4.09.S1.R19.K,2166037.22,6532291.14,0,Blue - White
E4.09.S1.R19.L,2166007.61,6532291.14,0,Blue - Black
E4.09.S1.R20.A,2166359.82,6532309.14,0,Blue - Black
E4.09.S1.R20.B,2166330.21,6532309.14,0,Blue - White
E4.09.S1.R20.C,2166300.6,6532309.14,0,Blue - White
E4.09.S1.R20.D,2166266.85,6532309.14,0,Blue - White
E4.09.S1.R20.E,2166233.1,6532309.14,0,Pink - White
E4.09.S1.R20.F,2166199.36,6532309.14,0,Pink - White
E4.09.S1.R20.G,2166167.08,6532309.14,0,Green
E4.09.S1.R20.H,2166134.81,6532309.14,0,Pink - Black
E4.09.S1.R20.I,2166101.06,6532309.14,0,Pink - Black
E4.09.S1.R20.J,2166067.31,6532309.14,0,Yellow - Black
E4.09.S1.R20.K,2166037.7,6532309.14,0,Yellow - Black
E4.09.S1.R20.L,2166008.09,6532309.14,0,Blue - Black
E4.09.S1.R21.A,2166360.31,6532327.14,0,Blue - Black
E4.09.S1.R21.B,2166330.69,6532327.14,0,Blue - White
E4.09.S1.R21.C,2166301.08,6532327.14,0,Blue - White
E4.09.S1.R21.D,2166267.33,6532327.14,0,Blue - White
E4.09.S1.R21.E,2166233.59,6532327.14,0,Pink - White
E4.09.S1.R21.F,2166199.84,6532327.14,0,Pink - White
E4.09.S1.R21.G,2166167.57,6532327.14,0,Green
E4.09.S1.R21.H,2166135.29,6532327.14,0,Pink - White
E4.09.S1.R21.I,2166101.54,6532327.14,0,Pink - White
E4.09.S1.R21.J,2166067.8,6532327.14,0,Blue - White
E4.09.S1.R21.K,2166038.18,6532327.14,0,Blue - White
E4.09.S1.R21.L,2166008.57,6532327.14,0,Blue - Black
E4.09.S1.R22.A,2166360.79,6532345.14,0,Blue - Black
E4.09.S1.R22.B,2166331.18,6532345.14,0,Blue - White
E4.09.S1.R22.C,2166301.57,6532345.14,0,Blue - White
E4.09.S1.R22.D,2166267.82,6532345.14,0,Blue - White
E4.09.S1.R22.E,2166234.07,6532345.14,0,Pink - White
E4.09.S1.R22.F,2166200.32,6532345.14,0,Pink - White
E4.09.S1.R22.G,2166168.05,6532345.14,0,Green
E4.09.S1.R22.H,2166135.77,6532345.14,0,Pink - White
E4.09.S1.R22.I,2166102.03,6532345.14,0,Pink - White
E4.09.S1.R22.J,2166068.28,6532345.14,0,Blue - White
E4.09.S1.R22.K,2166038.67,6532345.14,0,Blue - White
E4.09.S1.R22.L,2166009.06,6532345.14,0,Blue - Black
E4.09.S1.R23.A,2166361.27,6532363.14,0,Blue - Black
E4.09.S1.R23.B,2166331.66,6532363.14,0,Blue - White
E4.09.S1.R23.C,2166302.05,6532363.14,0,Blue - White
E4.09.S1.R23.D,2166268.3,6532363.14,0,Blue - White
E4.09.S1.R23.E,2166234.55,6532363.14,0,Pink - White
E4.09.S1.R23.F,2166200.8,6532363.14,0,Pink - White
E4.09.S1.R23.G,2166168.53,6532363.14,0,Green
E4.09.S1.R23.H,2166136.26,6532363.14,0,Pink - White
E4.09.S1.R23.I,2166102.51,6532363.14,0,Pink - White
E4.09.S1.R23.J,2166068.76,6532363.14,0,Blue - White
E4.09.S1.R23.K,2166039.15,6532363.14,0,Blue - White
E4.09.S1.R23.L,2166009.54,6532363.14,0,Blue - Black
E4.09.S1.R24.A,2166361.75,6532381.14,0,Blue - Black
E4.09.S1.R24.B,2166332.14,6532381.14,0,Blue - White
E4.09.S1.R24.C,2166302.53,6532381.14,0,Blue - White
E4.09.S1.R24.D,2166268.78,6532381.14,0,Blue - White
E4.09.S1.R24.E,2166235.03,6532381.14,0,Pink - White
E4.09.S1.R24.F,2166201.28,6532381.14,0,Pink - White
E4.09.S1.R24.G,2166169.01,6532381.14,0,Green
E4.09.S1.R24.H,2166136.74,6532381.14,0,Pink - White
E4.09.S1.R24.I,2166102.99,6532381.14,0,Pink - White
E4.09.S1.R24.J,2166069.24,6532381.14,0,Blue - White
E4.09.S1.R24.K,2166039.63,6532381.14,0,Blue - White
E4.09.S1.R24.L,2166010.02,6532381.14,0,Blue - Black
E4.09.S1.R25.A,2166362.23,6532399.14,0,Blue - Black
E4.09.S1.R25.B,2166332.62,6532399.14,0,Blue - White
E4.09.S1.R25.C,2166303.01,6532399.14,0,Blue - White
E4.09.S1.R25.D,2166269.26,6532399.14,0,Blue - White
E4.09.S1.R25.E,2166235.52,6532399.14,0,Pink - White
E4.09.S1.R25.F,2166201.77,6532399.14,0,Pink - White
E4.09.S1.R25.G,2166169.49,6532399.14,0,Green
E4.09.S1.R25.H,2166137.22,6532399.14,0,Pink - White
E4.09.S1.R25.I,2166103.47,6532399.14,0,Pink - White
E4.09.S1.R25.J,2166069.73,6532399.14,0,Blue - White
E4.09.S1.R25.K,2166040.11,6532399.14,0,Blue - White
E4.09.S1.R25.L,2166010.5,6532399.14,0,Blue - Black
E4.09.S1.R26.A,2166362.72,6532417.14,0,Blue - Black
E4.09.S1.R26.B,2166333.11,6532417.14,0,Blue - White
E4.09.S1.R26.C,2166303.49,6532417.14,0,Blue - White
E4.09.S1.R26.D,2166269.75,6532417.14,0,Blue - White
E4.09.S1.R26.E,2166236,6532417.14,0,Pink - White
E4.09.S1.R26.F,2166202.25,6532417.14,0,Pink - White
E4.09.S1.R26.G,2166169.98,6532417.14,0,Green
E4.09.S1.R26.H,2166137.7,6532417.14,0,Pink - White
E4.09.S1.R26.I,2166103.96,6532417.14,0,Pink - White
E4.09.S1.R26.J,2166070.21,6532417.14,0,Blue - White
E4.09.S1.R26.K,2166040.6,6532417.14,0,Blue - White
E4.09.S1.R26.L,2166010.99,6532417.14,0,Blue - Black
E4.09.S1.R27.A,2166363.2,6532435.14,0,Blue - Black
E4.09.S1.R27.B,2166333.59,6532435.14,0,Blue - White
E4.09.S1.R27.C,2166303.98,6532435.14,0,Blue - White
E4.09.S1.R27.D,2166270.23,6532435.14,0,Blue - White
E4.09.S1.R27.E,2166236.48,6532435.14,0,Pink - White
E4.09.S1.R27.F,2166202.73,6532435.14,0,Pink - White
E4.09.S1.R27.G,2166170.46,6532435.14,0,Green
E4.09.S1.R27.H,2166138.19,6532435.14,0,Pink - White
E4.09.S1.R27.I,2166104.44,6532435.14,0,Pink - White
E4.09.S1.R27.J,2166070.69,6532435.14,0,Blue - White
E4.09.S1.R27.K,2166041.08,6532435.14,0,Blue - White
E4.09.S1.R27.L,2166011.47,6532435.14,0,Blue - Black
E4.09.S1.R28.A,2166363.68,6532453.14,0,Blue - Black
E4.09.S1.R28.B,2166334.07,6532453.14,0,Blue - White
E4.09.S1.R28.C,2166304.46,6532453.14,0,Blue - White
E4.09.S1.R28.D,2166270.71,6532453.14,0,Blue - White
E4.09.S1.R28.E,2166236.96,6532453.14,0,Pink - White
E4.09.S1.R28.F,2166203.21,6532453.14,0,Pink - White
E4.09.S1.R28.G,2166170.94,6532453.14,0,Green
E4.09.S1.R28.H,2166138.67,6532453.14,0,Pink - White
E4.09.S1.R28.I,2166104.92,6532453.14,0,Pink - White
E4.09.S1.R28.J,2166071.17,6532453.14,0,Blue - White
E4.09.S1.R28.K,2166041.56,6532453.14,0,Blue - White
E4.09.S1.R28.L,2166011.95,6532453.14,0,Blue - Black
E4.09.S1.R29.A,2166364.16,6532471.14,0,Blue - Black
E4.09.S1.R29.B,2166334.55,6532471.14,0,Blue - White
E4.09.S1.R29.C,2166304.94,6532471.14,0,Blue - White
E4.09.S1.R29.D,2166271.19,6532471.14,0,Blue - White
E4.09.S1.R29.E,2166237.44,6532471.14,0,Pink - White
E4.09.S1.R29.F,2166203.7,6532471.14,0,Pink - White
E4.09.S1.R29.G,2166171.42,6532471.14,0,Green
E4.09.S1.R29.H,2166139.15,6532471.14,0,Pink - White
E4.09.S1.R29.I,2166105.4,6532471.14,0,Pink - White
E4.09.S1.R29.J,2166071.65,6532471.14,0,Blue - White
E4.09.S1.R29.K,2166042.04,6532471.14,0,Blue - White
E4.09.S1.R29.L,2166012.43,6532471.14,0,Blue - Black
E4.09.S1.R30.A,2166364.65,6532489.14,0,Blue - Black
E4.09.S1.R30.B,2166335.04,6532489.14,0,Blue - White
E4.09.S1.R30.C,2166305.42,6532489.14,0,Blue - White
E4.09.S1.R30.D,2166271.68,6532489.14,0,Blue - White
E4.09.S1.R30.E,2166237.93,6532489.14,0,Pink - White
E4.09.S1.R30.F,2166204.18,6532489.14,0,Pink - White
E4.09.S1.R30.G,2166171.91,6532489.14,0,Green
E4.09.S1.R30.H,2166139.63,6532489.14,0,Pink - White
E4.09.S1.R30.I,2166105.89,6532489.14,0,Pink - White
E4.09.S1.R30.J,2166072.14,6532489.14,0,Blue - White
E4.09.S1.R30.K,2166042.53,6532489.14,0,Blue - White
E4.09.S1.R30.L,2166012.91,6532489.14,0,Blue - Black
E4.09.S1.R31.A,2166365.13,6532507.14,0,Blue - Black
E4.09.S1.R31.B,2166335.52,6532507.14,0,Blue - White
E4.09.S1.R31.C,2166305.91,6532507.14,0,Blue - White
E4.09.S1.R31.D,2166272.16,6532507.14,0,Blue - White
E4.09.S1.R31.E,2166238.41,6532507.14,0,Pink - White
E4.09.S1.R31.F,2166204.66,6532507.14,0,Pink - White
E4.09.S1.R31.G,2166172.39,6532507.14,0,Green
E4.09.S1.R31.H,2166140.12,6532507.14,0,Pink - White
E4.09.S1.R31.I,2166106.37,6532507.14,0,Pink - White
E4.09.S1.R31.J,2166072.62,6532507.14,0,Blue - White
E4.09.S1.R31.K,2166043.01,6532507.14,0,Blue - White
E4.09.S1.R31.L,2166013.4,6532507.14,0,Blue - Black
E4.09.S1.R32.A,2166365.61,6532525.14,0,Blue - Black
E4.09.S1.R32.B,2166336,6532525.14,0,Blue - White
E4.09.S1.R32.C,2166306.39,6532525.14,0,Blue - White
E4.09.S1.R32.D,2166272.64,6532525.14,0,Blue - White
E4.09.S1.R32.E,2166238.89,6532525.14,0,Pink - White
E4.09.S1.R32.F,2166205.14,6532525.14,0,Pink - White
E4.09.S1.R32.G,2166172.87,6532525.14,0,Green
E4.09.S1.R32.H,2166140.6,6532525.14,0,Pink - White
E4.09.S1.R32.I,2166106.85,6532525.14,0,Pink - White
E4.09.S1.R32.J,2166073.1,6532525.14,0,Blue - White
E4.09.S1.R32.K,2166043.49,6532525.14,0,Blue - White
E4.09.S1.R32.L,2166013.88,6532525.14,0,Blue - Black
E4.09.S1.R33.A,2166366.09,6532543.14,0,Blue - Black
E4.09.S1.R33.B,2166336.48,6532543.14,0,Blue - White
E4.09.S1.R33.C,2166306.87,6532543.14,0,Blue - White
E4.09.S1.R33.D,2166273.12,6532543.14,0,Blue - White
E4.09.S1.R33.E,2166239.37,6532543.14,0,Pink - White
E4.09.S1.R33.F,2166205.63,6532543.14,0,Pink - White
E4.09.S1.R33.G,2166173.35,6532543.14,0,Green
E4.09.S1.R33.H,2166141.08,6532543.14,0,Pink - White
E4.09.S1.R33.I,2166107.33,6532543.14,0,Pink - White
E4.09.S1.R33.J,2166073.58,6532543.14,0,Blue - White
E4.09.S1.R33.K,2166043.97,6532543.14,0,Blue - White
E4.09.S1.R33.L,2166014.36,6532543.14,0,Blue - Black
E4.09.S1.R34.A,2166366.58,6532561.14,0,Blue - Black
E4.09.S1.R34.B,2166336.96,6532561.14,0,Blue - White
E4.09.S1.R34.C,2166307.35,6532561.14,0,Blue - White
E4.09.S1.R34.D,2166273.6,6532561.14,0,Blue - White
E4.09.S1.R34.E,2166239.86,6532561.14,0,Pink - White
E4.09.S1.R34.F,2166206.11,6532561.14,0,Pink - White
E4.09.S1.R34.G,2166173.84,6532561.14,0,Green
E4.09.S1.R34.H,2166141.56,6532561.14,0,Pink - White
E4.09.S1.R34.I,2166107.81,6532561.14,0,Pink - White
E4.09.S1.R34.J,2166074.07,6532561.14,0,Blue - White
E4.09.S1.R34.K,2166044.46,6532561.14,0,Blue - White
E4.09.S1.R34.L,2166014.84,6532561.14,0,Blue - Black
